恶	-1	0.9988825060738085
失	-0.9771341463414634	0.9873908600272473
毒	-0.9637462235649547	0.9959807769519771
病	-0.9726277372262774	0.9740953640823194
乱	-0.9530768199490547	0.971330021869981
痛	-0.9470899470899471	0.977177308574907
伤	-0.9296325254104769	0.9859246935610698
坏	-1	0.9098848215837751
弱	-1	0.9068303573820612
惨	-1	0.90139828920546
怨	-1	0.8980561730254464
暴	-1	0.8963428713884722
虚	-0.9307958477508651	0.944423787388517
罪	-0.9038461538461539	0.9687790728387691
荒	-1	0.8733928972109164
臭	-1	0.8729701693799825
假	-0.893048128342246	0.976245896868695
灾	-0.903225806451613	0.9549507976064423
哀	-1	0.8600775119756906
苦	-0.8755186721991701	0.9819870919944248
悲	-0.9015317286652078	0.952482949129837
变	-0.9240506329113924	0.9281613993106868
刺	-0.928822495606327	0.9202524205011104
孤	-1	0.850431380777365
剧	-1	0.850431380777365
劣	-1	0.8273806964298493
弃	-1	0.8203359690106007
恨	-0.949748743718593	0.8633045745544762
低	-0.9124087591240876	0.8980561730254463
自	-0.823045267489712	0.9922495161088632
污	-1	0.8142462362859086
残	-1	0.8142462362859086
禁	-0.9473684210526315	0.8504313807773649
死	-0.8545454545454545	0.9360721387932924
杀	-1	0.7981034820053446
伪	-1	0.7981034820053445
危	-1	0.7912601766099203
怒	-0.827027027027027	0.9541936858273785
难	-0.8090753424657534	0.964461649049273
辱	-1	0.7783524268049896
烦	-1	0.7783524268049896
厌	-1	0.7783524268049895
疯	-1	0.7768698398515702
怪	-0.8421052631578948	0.9206060677229218
恼	-1	0.7731198406609764
灭	-0.9047619047619049	0.8489281911636292
欺	-1	0.7614874461456975
损	-1	0.7574789253643514
废	-1	0.7534030360583935
断	-0.8470948012232415	0.8869584693595503
困	-0.856	0.875485528555877
丑	-1	0.749258646010142
累	-1	0.74504460397349
傻	-1	0.74504460397349
抗	-0.7980295566502462	0.9332410338692767
倒	-0.9191919191919192	0.8079500913792459
侵	-0.896551724137931	0.8244795993830032
烧	-0.9183673469387755	0.8047224371643142
害	-0.7628765792031098	0.967613059227093
哑	-1	0.7364028618842733
急	-0.7550626808100289	0.9684652973042761
耻	-1	0.727986821068203
诉	-1	0.7274682069659874
扰	-1	0.7228879476114978
吓	-0.8153846153846154	0.8854411560073123
讽	-1	0.71979175559418
误	-0.8136645962732919	0.8831269138467439
落	-0.9318181818181818	0.7693068177450372
沉	-0.7712833545108005	0.9274394093706664
呆	-1	0.708680108866529
粗	-0.8775510204081634	0.8047224371643141
恐	-0.8070739549839228	0.8742341373134667
羞	-1	0.7037840905280504
愤	-0.8755186721991701	0.7994449821562905
破	-0.767123287671233	0.9122561349757057
淫	-1	0.698805788087798
痒	-1	0.698805788087798
反	-0.7069872276483846	0.9881646760793157
狂	-0.7052480230050322	0.9903100563334962
愚	-1	0.693743818651972
怕	-0.8723404255319149	0.7912601766099203
视	-0.7983193277310924	0.8623902272803946
妄	-1	0.6854671216545121
偏	-0.7966101694915255	0.8600775119756907
懒	-1	0.6833632306209468
骗	-1	0.6833632306209468
祸	-1	0.6780417284623241
丧	-1	0.6715377399445649
愁	-0.9230769230769231	0.7274682069659875
冷	-0.7894736842105263	0.8504313807773649
扭	-1	0.6671289163019205
叛	-1	0.6671289163019204
后	-0.9214659685863874	0.7201029251839566
诈	-1	0.6615345748932577
不	-0.6602873769134775	1.0
压	-0.7627118644067797	0.8600775119756906
斥	-1	0.6558462131345877
疱	-1	0.6558462131345877
毁	-1	0.6558462131345877
腐	-1	0.6558462131345877
磨	-0.8705035971223021	0.7509246953683318
小	-0.6878483835005574	0.9497125632764082
疮	-1	0.6500622508888447
薄	-1	0.6441810814626581
卑	-1	0.6441810814626581
打	-0.689275568181818	0.9315673180311539
对	-0.7089871611982882	0.9033507338934154
劳	-1	0.6382010711600374
散	-1	0.6382010711600374
下	-0.743946419371458	0.8425380486405489
混	-0.85	0.7364028618842733
焦	-1	0.6259378553979174
弄	-1	0.6241523592830145
我	-0.8481012658227848	0.7319727612922275
狠	-1	0.6196512434107413
击	-0.7321428571428571	0.8453617354507452
告	-0.9117647058823529	0.6780417284623241
冲	-0.8117647058823528	0.7574789253643512
哭	-1	0.6132589765454988
忧	-0.7916666666666666	0.7630722413178783
讨	-1	0.6028071441823737
故	-1	0.6001503456551527
差	-0.84	0.7134952031398099
淡	-0.75	0.7981034820053445
水	-0.6385542168674699	0.9371287733993328
迫	-0.8823529411764707	0.678041728462324
战	-0.6498673740053051	0.9190022039009313
离	-0.7558886509635974	0.7891623065077303
俗	-0.8365122615803815	0.7057522952856959
杂	-0.7701149425287357	0.7654297119062023
虐	-1	0.5865973962327706
板	-1	0.5865973962327706
症	-0.8143236074270558	0.71539888247045
躁	-1	0.5796496154913181
犯	-0.8443804034582132	0.6854671216545121
叫	-0.9016393442622951	0.6382010711600374
惑	-0.9016393442622951	0.6382010711600374
屈	-0.9016393442622951	0.6382010711600374
糟	-1	0.5754250238931116
碎	-1	0.5754250238931116
烟	-1	0.5754250238931116
硬	-0.7761194029850746	0.7381543314196739
奸	-1	0.5725850680512734
戒	-1	0.5725850680512734
炎	-0.8285714285714285	0.6885967760854023
流	-0.6097560975609755	0.9349977460369655
仇	-0.9	0.6321205588285577
错	-0.6479999999999999	0.875485528555877
垃	-1	0.5654017914929219
触	-1	0.5654017914929219
笨	-1	0.5654017914929219
圾	-1	0.5654017914929219
裂	-1	0.5580977904154747
被	-1	0.5536565993742871
火	-0.6261682242990654	0.8823451569782208
蜇	-1	0.5506710358827784
暗	-1	0.5506710358827784
去	-0.8173913043478261	0.6655400358570984
夺	-0.76	0.7134952031398099
缺	-0.6633663366336633	0.8142462362859086
谋	-0.8153846153846154	0.6615345748932578
凶	-1	0.5354409796390885
奴	-1	0.5354409796390885
怯	-1	0.5354409796390885
乏	-1	0.5354409796390884
警	-1	0.5354409796390884
卖	-1	0.5354409796390884
没	-0.6357012750455374	0.8395864322248272
逆	-1	0.530772083864004
冤	-1	0.5276334472589853
蛮	-1	0.5276334472589853
空	-0.6818181818181818	0.7693068177450372
消	-0.7128463476070529	0.7337536666033018
萎	-1	0.5196946989102007
欠	-1	0.5196946989102007
蠢	-1	0.5196946989102007
衰	-0.8064516129032258	0.6441810814626581
斗	-0.7014925373134329	0.7381543314196741
事	-0.5251396648044693	0.972124301744753
拖	-1	0.5069490962084744
昏	-1	0.5034146962085906
漏	-1	0.5034146962085906
泄	-1	0.5034146962085906
争	-0.5115633672525439	0.9727672049975982
单	-0.6883116883116882	0.7228879476114977
忙	-1	0.4950689195281103
陷	-1	0.4950689195281103
执	-1	0.4950689195281103
背	-1	0.4950689195281103
丢	-1	0.4950689195281103
言	-0.5354838709677419	0.9244781554912263
横	-0.7313432835820896	0.6726307913802724
干	-0.5961538461538461	0.8233055542434032
忌	-1	0.48999427780337823
制	-0.5953757225433526	0.8227155900301222
区	-0.6363636363636365	0.7693068177450372
狗	-1	0.486582880967408
吵	-1	0.486582880967408
盲	-1	0.486582880967408
艰	-1	0.486582880967408
惧	-0.7894736842105263	0.6132589765454988
胡	-1	0.48142295313725825
苛	-1	0.47795422323898396
惩	-1	0.47795422323898396
惶	-1	0.47795422323898396
痕	-1	0.47795422323898396
疑	-0.5039637599093997	0.9473101969850111
滥	-0.8113207547169811	0.5865973962327706
态	-0.6017316017316018	0.7856188985730221
诡	-1	0.47270757595695145
紧	-1	0.47270757595695145
糊	-0.7425742574257426	0.6357810204284768
嘴	-0.71875	0.6558462131345877
退	-1	0.46918054943798615
歧	-1	0.46918054943798604
严	-0.5077720207253886	0.9237191483354086
模	-0.7794117647058824	0.5961317898204401
胆	-0.6505376344086022	0.7106157820609494
场	-0.8347107438016528	0.5536565993742871
计	-0.8678414096916299	0.530772083864004
乞	-1	0.4602594223763874
亡	-1	0.4602594223763874
泥	-1	0.4602594223763874
血	-0.5670103092783506	0.8014405379262739
骂	-1	0.4511883639059736
魔	-1	0.4511883639059736
沙	-1	0.4511883639059736
偷	-1	0.4511883639059736
蒙	-1	0.4511883639059736
咬	-1	0.4511883639059736
酷	-1	0.4511883639059736
控	-0.7709923664122137	0.58244263099188
狱	-1	0.4419648542299529
闷	-1	0.4419648542299529
疲	-0.7831325301204819	0.5639507136784645
鬼	-1	0.4325863312029963
牙	-1	0.4325863312029963
浅	-1	0.4325863312029963
虫	-1	0.43258633120299617
了	-0.46016646848989295	0.9393923001249097
头	-0.4479166666666667	0.9592377960216338
败	-0.5897435897435896	0.7274682069659875
冒	-0.558139534883721	0.7614874461456976
略	-1	0.42305018961951335
停	-1	0.42305018961951335
论	-0.6842105263157895	0.6132589765454988
根	-1	0.41725174762601025
突	-0.569620253164557	0.7319727612922273
堪	-0.7520661157024793	0.5536565993742871
为	-0.45323090826931767	0.9144700685522198
惹	-0.85	0.486582880967408
蛋	-1	0.4133537804899682
夸	-0.5555555555555555	0.7407597393541084
骚	-1	0.4074578879645968
题	-1	0.4074578879645968
处	-0.5000000000000001	0.8111243971624381
患	-0.8461538461538461	0.47795422323898396
染	-0.8461538461538461	0.47795422323898396
敌	-0.5261958997722095	0.7685365574168441
咒	-1	0.40349441030503164
皱	-1	0.40349441030503164
妒	-1	0.40349441030503164
走	-1	0.40349441030503164
慢	-1	0.40349441030503164
霸	-1	0.40349441030503164
嘲	-1	0.40349441030503164
浮	-0.888888888888889	0.4511883639059735
教	-0.5294117647058824	0.7574789253643514
牢	-0.6691176470588235	0.5961317898204401
凄	-0.7391304347826088	0.5354409796390885
窘	-1	0.3934693402873666
疹	-1	0.3934693402873666
兽	-1	0.3934693402873666
缠	-1	0.3934693402873666
耗	-1	0.3934693402873666
抵	-1	0.3934693402873666
削	-1	0.3934693402873666
徒	-0.5384615384615384	0.7274682069659874
私	-0.5466666666666666	0.7134952031398099
寒	-0.7333333333333333	0.5276334472589853
异	-0.44000000000000006	0.875485528555877
郁	-1	0.3832757856308392
厉	-1	0.3832757856308392
药	-0.574468085106383	0.6660174946826553
责	-0.48484848484848486	0.785618898573022
哄	-0.7272727272727273	0.5196946989102007
遗	-1	0.3770776042315769
漠	-0.8333333333333334	0.4511883639059736
歪	-0.8333333333333334	0.4511883639059736
止	-0.673469387755102	0.5580977904154747
痴	-0.47826086956521735	0.7841849166013102
嚣	-1	0.37410423327281916
斑	-1	0.37291091472694393
憎	-1	0.37291091472694393
墓	-1	0.3729109147269438
篡	-1	0.3729109147269438
两	-1	0.3729109147269438
拼	-1	0.3729109147269438
肉	-1	0.3729109147269438
狡	-1	0.3729109147269438
解	-0.4154302670623145	0.8942488584871936
挑	-0.5522388059701493	0.6726307913802725
倦	-0.6027874564459932	0.6158286748567638
悔	-0.4772727272727273	0.7693068177450372
子	-0.3846153846153847	0.9518451458788036
烂	-0.4878048780487805	0.74504460397349
命	-0.42608695652173917	0.8529035326070231
投	-0.5121951219512195	0.7077074223191406
洪	-1	0.36237184837822667
焚	-1	0.36237184837822667
滞	-1	0.36237184837822667
泪	-1	0.36237184837822667
检	-1	0.36237184837822667
牵	-1	0.36237184837822667
肿	-1	0.36237184837822667
蔑	-1	0.36237184837822667
围	-1	0.36237184837822667
蚀	-1	0.36237184837822667
忽	-0.7142857142857143	0.5034146962085906
势	-0.48148148148148145	0.7407597393541085
顾	-0.8235294117647058	0.4325863312029963
傲	-0.8235294117647058	0.43258633120299617
种	-1	0.3559635789168587
怖	-0.7101449275362319	0.49842393093394455
虑	-0.6326530612244897	0.5580977904154747
谎	-1	0.3516556589984903
临	-1	0.3516556589984903
怏	-1	0.3516556589984903
侮	-1	0.3516556589984903
语	-0.7073170731707317	0.4950689195281103
脚	-1	0.3494909052766835
摇	-0.6506550218340612	0.5338898658177329
斯	-0.8481012658227847	0.40942974009204713
喧	-1	0.34075936979955634
枯	-1	0.34075936979955634
亵	-1	0.34075936979955623
侧	-1	0.34075936979955623
慌	-1	0.34075936979955623
操	-0.7000000000000001	0.486582880967408
曲	-0.6	0.5654017914929219
独	-0.422680412371134	0.8014405379262739
叹	-0.5410958904109588	0.6221784683448043
料	-0.8125	0.4133537804899683
来	-0.46596858638743455	0.7201029251839566
族	-0.6954314720812182	0.48142295313725825
棘	-1	0.3341338913173696
愧	-0.4457831325301204	0.749258646010142
排	-0.6923076923076923	0.47795422323898396
懦	-1	0.3296799539643607
食	-1	0.3296799539643607
拆	-1	0.3296799539643607
瑟	-1	0.3296799539643607
屠	-1	0.3296799539643607
诞	-1	0.3296799539643607
溃	-1	0.3296799539643607
疼	-1	0.3296799539643607
琐	-1	0.3296799539643607
凌	-1	0.3296799539643607
掠	-1	0.3296799539643607
喊	-1	0.3296799539643607
僵	-1	0.3296799539643607
帐	-1	0.3296799539643607
妇	-1	0.3296799539643607
涩	-1	0.3296799539643607
卸	-1	0.3296799539643607
挫	-1	0.3296799539643607
罚	-1	0.3296799539643607
眼	-0.3598409542743539	0.9088490262740435
脏	-0.8064516129032258	0.40349441030503164
休	-0.8064516129032258	0.40349441030503164
憾	-1	0.32294312550183535
重	-0.3353658536585366	0.9623717431928238
绪	-0.6842105263157895	0.46918054943798604
税	-0.7575757575757575	0.42305018961951335
吃	-0.4501347708894879	0.709649558523241
悼	-1	0.31841433380615203
鄙	-1	0.31841433380615203
稽	-1	0.31841433380615203
涂	-1	0.31841433380615203
多	-0.3820224719101124	0.8313618527314045
沸	-0.6	0.5276334472589853
半	-1	0.31613859078764417
晃	-1	0.31613859078764417
垂	-0.8	0.3934693402873666
鸣	-0.8	0.3934693402873666
泣	-0.8	0.3934693402873666
草	-0.8	0.3934693402873666
巴	-0.6482412060301509	0.4848686350814204
占	-1	0.31156428397872993
惜	-0.6756756756756757	0.4602594223763874
稀	-0.6756756756756757	0.4602594223763874
让	-0.4610778443113772	0.6715377399445649
指	-0.5088967971530249	0.608067899289016
担	-0.6739130434782609	0.45845728522436713
焰	-1	0.3082782008664601
劫	-1	0.3069593799135585
挖	-1	0.3069593799135585
台	-1	0.3069593799135585
莫	-1	0.3069593799135585
拙	-1	0.3069593799135585
歼	-1	0.3069593799135585
规	-1	0.3069593799135585
抢	-1	0.3069593799135585
牛	-0.641025641025641	0.47795422323898396
果	-0.4754098360655737	0.6382010711600374
手	-0.3473344103392568	0.8729701693799825
批	-0.6666666666666666	0.4511883639059736
矛	-1	0.29999420588557435
盾	-1	0.29999420588557435
住	-0.7402597402597403	0.4015027407342353
转	-1	0.29531191028128656
弊	-1	0.29531191028128656
仓	-1	0.29531191028128656
瘦	-1	0.29531191028128656
孽	-1	0.29531191028128656
秽	-1	0.29531191028128656
揭	-1	0.29531191028128656
犬	-1	0.29531191028128656
奈	-1	0.29531191028128656
燥	-1	0.29531191028128656
耳	-0.49090909090909096	0.6001503456551527
风	-0.4	0.7364028618842733
张	-0.3829578844270323	0.7674317220748079
强	-0.3012704174228676	0.974608310240995
派	-0.5555555555555557	0.5276334472589853
煞	-0.7857142857142857	0.37291091472694393
否	-0.5754716981132075	0.5067142541534744
物	-0.39024390243902446	0.74504460397349
拒	-0.6145833333333334	0.47270757595695145
抑	-0.6571428571428571	0.4419648542299529
线	-0.5319148936170214	0.543119464859708
避	-0.6551724137931034	0.44010163343459796
殉	-1	0.28822967723739035
行	-0.2945326278659612	0.977177308574907
供	-0.5714285714285714	0.5034146962085906
负	-0.569377990430622	0.5017566499874784
迷	-0.5102040816326531	0.5580977904154747
稚	-1	0.28346868942621073
撒	-1	0.28346868942621073
胁	-1	0.28346868942621073
谓	-1	0.28346868942621073
索	-1	0.28346868942621073
惰	-1	0.28346868942621073
唆	-1	0.28346868942621073
噘	-1	0.28346868942621073
脾	-1	0.28346868942621073
霉	-1	0.28346868942621073
缩	-0.6470588235294118	0.4325863312029963
掉	-0.6470588235294118	0.4325863312029963
及	-0.6470588235294117	0.43258633120299617
减	-0.39726027397260283	0.7037840905280504
沮	-1	0.2762674300339062
肖	-1	0.271426427488607
剥	-1	0.271426427488607
枉	-1	0.271426427488607
炸	-1	0.271426427488607
矫	-1	0.271426427488607
渎	-1	0.271426427488607
旁	-1	0.271426427488607
诅	-1	0.271426427488607
衣	-0.7692307692307692	0.3516556589984903
着	-0.34042553191489366	0.7912601766099203
吹	-0.6363636363636364	0.42305018961951335
挥	-0.6363636363636364	0.42305018961951335
抹	-0.6363636363636364	0.42305018961951335
脸	-0.6363636363636364	0.42305018961951335
疏	-0.6363636363636364	0.42305018961951335
施	-0.6363636363636364	0.42305018961951335
其	-0.44444444444444436	0.5934303402594009
党	-0.5238095238095238	0.5034146962085906
装	-0.40983606557377045	0.6382010711600374
袭	-1	0.2591817793182821
渣	-1	0.2591817793182821
睡	-1	0.2591817793182821
末	-1	0.2591817793182821
刁	-1	0.2591817793182821
唉	-1	0.2591817793182821
匆	-1	0.2591817793182821
拧	-1	0.2591817793182821
俯	-1	0.2591817793182821
讹	-1	0.2591817793182821
属	-1	0.2591817793182821
恸	-1	0.2591817793182821
饿	-1	0.2591817793182821
瘟	-1	0.2591817793182821
沦	-1	0.2591817793182821
酸	-1	0.2591817793182821
刑	-1	0.2591817793182821
措	-1	0.2591817793182821
肝	-1	0.2591817793182821
茫	-1	0.2591817793182821
尸	-1	0.2591817793182821
绕	-1	0.2591817793182821
疤	-1	0.2591817793182821
忿	-1	0.2591817793182821
灰	-1	0.2591817793182821
悖	-1	0.2591817793182821
讥	-1	0.2591817793182821
昧	-1	0.2591817793182821
胖	-1	0.2591817793182821
坟	-1	0.2591817793182821
诫	-1	0.2591817793182821
训	-1	0.2591817793182821
盗	-1	0.2591817793182821
肥	-1	0.2591817793182821
猥	-1	0.2591817793182821
诬	-1	0.2591817793182821
余	-0.7600000000000001	0.34075936979955623
，	-0.795868772782503	0.3242315302021007
受	-0.2542372881355932	0.9926764981212346
犹	-1	0.25173643242143473
嫉	-1	0.25173643242143473
惫	-1	0.25173643242143473
然	-0.2538461538461538	0.986876271263059
的	-0.2497837510224012	0.9999999999980731
者	-0.2499999999999997	0.9976499844488406
忘	-0.3436692506459948	0.7247292169102477
要	-0.3455497382198952	0.7201029251839566
分	-0.278815196394076	0.8912356244268779
穷	-0.6129032258064516	0.40349441030503164
唐	-0.6129032258064516	0.40349441030503164
阻	-0.75	0.3296799539643607
怜	-0.5263157894736842	0.46918054943798604
权	-0.3333333333333333	0.7407597393541085
麻	-1	0.2467313435453432
鲁	-1	0.2467313435453432
隶	-1	0.2467313435453432
屑	-1	0.2467313435453432
油	-0.4666666666666667	0.5276334472589853
猛	-0.423076923076923	0.5796496154913181
任	-0.3811074918566775	0.6406050418796497
囊	-0.6923076923076924	0.3516556589984903
戏	-0.4074074074074074	0.5934303402594009
纵	-0.4074074074074074	0.5934303402594009
是	-0.320388349514563	0.7467386535076335
等	-0.4285714285714286	0.5580977904154747
糕	-1	0.23916086768870704
作	-0.24796747967479676	0.9623717431928238
政	-0.3814432989690722	0.6209169618966012
滑	-0.4545454545454546	0.5196946989102007
亏	-0.6	0.3934693402873666
凉	-0.6	0.3934693402873666
障	-0.5999999999999999	0.3934693402873666
申	-0.5999999999999999	0.3934693402873666
序	-0.5999999999999999	0.3934693402873666
擦	-0.7391304347826086	0.31841433380615203
条	-1	0.2340716616353513
只	-1	0.2340716616353513
捣	-1	0.2340716616353513
厄	-1	0.2340716616353513
谬	-1	0.2340716616353513
零	-1	0.2340716616353513
湮	-1	0.2340716616353513
瞎	-1	0.2340716616353513
聊	-1	0.2340716616353513
扼	-1	0.2340716616353513
衍	-1	0.2340716616353513
喉	-1	0.2340716616353513
淘	-1	0.2340716616353513
敷	-1	0.2340716616353513
气	-0.23023722249118192	0.9989772273909239
点	-0.23958333333333343	0.9592377960216338
化	-0.2332015810276681	0.9852522782634711
民	-0.3109243697478992	0.7334576729334964
惊	-0.22751322751322767	0.9965521347238969
折	-0.4418604651162791	0.511622529333813
适	-0.5862068965517241	0.3832757856308392
说	-0.2525921023604677	0.8845100110542735
窒	-0.7272727272727273	0.3069593799135585
龙	-0.7272727272727273	0.3069593799135585
八	-0.6058394160583942	0.3666085646432915
极	-0.22427035330261139	0.9869634717965623
口	-0.25862068965517243	0.855334823361005
额	-1	0.22119921692859512
迟	-1	0.22119921692859512
夷	-1	0.22119921692859512
床	-1	0.22119921692859512
狼	-1	0.22119921692859512
跳	-1	0.22119921692859512
寂	-1	0.22119921692859512
划	-1	0.22119921692859512
吊	-1	0.22119921692859512
串	-1	0.22119921692859512
狭	-1	0.22119921692859512
述	-1	0.22119921692859512
搅	-1	0.22119921692859512
伏	-1	0.22119921692859512
噩	-1	0.22119921692859512
掺	-1	0.22119921692859512
介	-1	0.22119921692859512
盘	-1	0.22119921692859512
降	-1	0.22119921692859512
含	-0.4025974025974027	0.5369869316887719
弹	-0.42857142857142855	0.5034146962085906
爆	-0.42857142857142855	0.5034146962085906
评	-0.4857142857142857	0.4419648542299529
眉	-0.4857142857142857	0.4419648542299529
无	-0.2143618093346007	0.9999999343265714
欲	-0.3448275862068966	0.6196512434107415
悍	-0.7142857142857143	0.29531191028128656
预	-0.7115384615384616	0.29295903069483864
氓	-1	0.20811043366321835
肇	-1	0.20811043366321835
幼	-1	0.20811043366321835
烘	-1	0.20811043366321835
怀	-0.2592592592592593	0.8021013009163853
以	-0.24149577804583836	0.8610733973510352
界	-0.6129032258064516	0.3385582345114958
形	-0.375	0.5506710358827784
昭	-1	0.20546639749666595
包	-0.4705882352941176	0.43258633120299617
算	-0.7058823529411765	0.28822967723739035
表	-0.33574007220216606	0.6028071441823737
脱	-0.5555555555555556	0.36237184837822667
纠	-0.5555555555555556	0.36237184837822667
居	-0.5555555555555556	0.36237184837822667
协	-0.4444444444444444	0.4511883639059736
过	-0.326241134751773	0.6093721646414789
勒	-0.7	0.28346868942621073
漫	-0.26952141057934514	0.7337536666033018
闻	-0.41237113402061853	0.47621116717027323
里	-0.6969696969696969	0.28107626656807383
电	-0.6363636363636365	0.3069593799135585
翼	-0.6363636363636365	0.3069593799135585
坐	-1	0.19480167598192943
乌	-1	0.19480167598192943
黑	-1	0.19480167598192943
疾	-1	0.19480167598192943
舍	-1	0.19480167598192943
旧	-1	0.19480167598192943
性	-0.1946902654867267	0.9999997138262424
质	-0.34693877551020413	0.5580977904154747
象	-0.3125	0.6171071140248879
洞	-0.38095238095238093	0.5034146962085906
劲	-0.5384615384615384	0.3516556589984903
糖	-0.5384615384615384	0.3516556589984903
肆	-0.3908629441624365	0.48142295313725825
短	-0.6842105263157895	0.271426427488607
源	-0.6842105263157895	0.271426427488607
中	-0.2222222222222222	0.8347011117784134
震	-0.39682539682539686	0.4674081989931028
状	-0.4444444444444444	0.41725174762601036
滔	-0.38461538461538464	0.47795422323898396
寡	-1	0.18126924692201818
呓	-1	0.18126924692201818
蛊	-1	0.18126924692201818
悻	-1	0.18126924692201818
挤	-1	0.18126924692201818
抛	-1	0.18126924692201818
陈	-1	0.18126924692201818
跌	-1	0.18126924692201818
戾	-1	0.18126924692201818
俩	-1	0.18126924692201818
渺	-1	0.18126924692201818
输	-1	0.18126924692201818
惆	-1	0.18126924692201818
畸	-1	0.18126924692201818
浊	-1	0.18126924692201818
账	-1	0.18126924692201818
靡	-1	0.18126924692201818
沼	-1	0.18126924692201818
猖	-1	0.18126924692201818
屡	-1	0.18126924692201818
敲	-1	0.18126924692201818
嘎	-1	0.18126924692201818
恍	-1	0.18126924692201818
架	-1	0.18126924692201818
咽	-1	0.18126924692201818
瓜	-1	0.18126924692201818
驴	-1	0.18126924692201818
癫	-1	0.18126924692201818
贱	-1	0.18126924692201818
僻	-1	0.18126924692201818
胎	-1	0.18126924692201818
嗒	-1	0.18126924692201818
碌	-1	0.18126924692201818
策	-1	0.18126924692201818
畜	-1	0.18126924692201818
掴	-1	0.18126924692201818
蹭	-1	0.18126924692201818
癔	-1	0.18126924692201818
怠	-1	0.18126924692201818
役	-1	0.18126924692201818
陋	-1	0.18126924692201818
唁	-1	0.18126924692201818
潺	-1	0.18126924692201818
煮	-1	0.18126924692201818
竟	-1	0.18126924692201818
恙	-1	0.18126924692201818
碱	-1	0.18126924692201818
瘫	-1	0.18126924692201818
左	-1	0.18126924692201818
倔	-1	0.18126924692201818
蚂	-1	0.18126924692201818
蔽	-1	0.18126924692201818
遭	-1	0.18126924692201818
堕	-1	0.18126924692201818
逃	-1	0.18126924692201818
己	-1	0.18126924692201818
熊	-1	0.18126924692201818
弯	-1	0.18126924692201818
懊	-1	0.18126924692201818
唾	-1	0.18126924692201818
蜂	-1	0.18126924692201818
撤	-1	0.18126924692201818
次	-1	0.18126924692201818
涛	-1	0.18126924692201818
监	-1	0.18126924692201818
滩	-1	0.18126924692201818
斜	-1	0.18126924692201818
勾	-1	0.18126924692201818
冬	-1	0.18126924692201818
犟	-1	0.18126924692201818
阵	-1	0.18126924692201818
淆	-1	0.18126924692201818
贬	-1	0.18126924692201818
钝	-1	0.18126924692201818
玷	-1	0.18126924692201818
面	-0.22431865828092235	0.7960743882657866
皮	-0.41176470588235303	0.43258633120299617
招	-0.41176470588235303	0.43258633120299617
局	-0.52	0.34075936979955623
攻	-0.52	0.34075936979955623
边	-0.52	0.34075936979955623
挡	-0.52	0.34075936979955623
庸	-0.3333333333333333	0.5276334472589853
做	-0.291970802919708	0.5988152896167687
站	-0.5161290322580646	0.3385582345114958
掩	-0.5384615384615385	0.32294312550183535
奢	-0.3191489361702128	0.543119464859708
塞	-1	0.1730408660566377
邪	-0.6666666666666666	0.2591817793182821
马	-0.6666666666666666	0.2591817793182821
尘	-0.6666666666666666	0.2591817793182821
汉	-0.6000000000000001	0.28346868942621073
太	-0.33649289099526075	0.5050672248101072
裁	-0.41935483870967744	0.40349441030503164
垢	-1	0.16750938738839738
法	-0.18604651162790703	0.8990705310520891
问	-0.19449225473321863	0.8558162378132937
内	-0.29554655870445345	0.5610340068829456
碍	-0.5	0.3296799539643607
摆	-0.5	0.3296799539643607
液	-0.5	0.3296799539643607
配	-0.5	0.3296799539643607
叨	-0.5	0.3296799539643607
翻	-0.5	0.3296799539643607
骨	-0.37142857142857133	0.4419648542299529
经	-0.2230576441102757	0.735522738700176
人	-0.16223967174982504	0.9999999997134691
闲	-0.40789473684210525	0.39749942946195704
妥	-0.3513513513513513	0.4602594223763874
波	-0.3513513513513513	0.4602594223763874
毛	-0.3772455089820359	0.42688372902574556
用	-0.16851441241685144	0.9505437414964865
摩	-0.6470588235294117	0.2467313435453432
二	-0.6470588235294117	0.2467313435453432
夫	-0.4754098360655738	0.3341338913173696
而	-0.1959595959595958	0.8079500913792459
尖	-0.28	0.5654017914929217
案	-0.3170731707317074	0.4950689195281103
老	-0.17741935483870966	0.8733928972109164
非	-0.4084507042253521	0.3770776042315769
咎	-1	0.15351827510938587
窝	-1	0.15351827510938587
啬	-1	0.15351827510938587
叉	-1	0.15351827510938587
呻	-1	0.15351827510938587
衅	-1	0.15351827510938587
猾	-1	0.15351827510938587
吟	-1	0.15351827510938587
腥	-1	0.15351827510938587
牲	-1	0.15351827510938587
则	-1	0.15351827510938587
哮	-1	0.15351827510938587
替	-1	0.15351827510938587
肮	-1	0.15351827510938587
咆	-1	0.15351827510938587
吝	-1	0.15351827510938587
几	-1	0.15351827510938587
君	-1	0.15351827510938587
泞	-1	0.15351827510938587
憔	-1	0.15351827510938587
燃	-1	0.15351827510938587
牺	-1	0.15351827510938587
录	-1	0.15351827510938587
悴	-1	0.15351827510938587
摊	-1	0.15351827510938587
淀	-1	0.15351827510938587
鱼	-1	0.15351827510938587
拨	-1	0.15351827510938587
坑	-1	0.15351827510938587
贼	-1	0.15351827510938587
锅	-1	0.15351827510938587
甲	-1	0.15351827510938587
宰	-1	0.15351827510938587
哈	-1	0.15351827510938587
屁	-1	0.15351827510938587
逗	-1	0.15351827510938587
谤	-1	0.15351827510938587
畏	-0.21621621621621626	0.708680108866529
率	-0.1818181818181817	0.8401202539203061
构	-0.47826086956521735	0.31841433380615203
从	-0.25	0.6067592791314017
谴	-1	0.15069196145394803
延	-0.3333333333333333	0.4511883639059736
测	-0.3333333333333333	0.4511883639059736
认	-0.23076923076923078	0.6465453180412198
儿	-0.30000000000000004	0.486582880967408
书	-0.22580645161290328	0.6441810814626581
简	-0.22580645161290322	0.6441810814626581
世	-0.17514124293785313	0.8296670111745905
西	-1	0.1450109923405405
忍	-0.2384341637010676	0.608067899289016
发	-0.1441486690105474	0.998688608729347
白	-0.15999999999999998	0.8958480888955398
片	-0.3548387096774193	0.40349441030503164
年	-0.22807017543859656	0.6132589765454988
粉	-0.45454545454545453	0.3069593799135585
证	-0.45454545454545453	0.3069593799135585
素	-0.45454545454545453	0.3069593799135585
山	-0.45454545454545453	0.3069593799135585
惋	-1	0.1392920235749422
抨	-1	0.1392920235749422
颇	-1	0.1392920235749422
蜃	-1	0.1392920235749422
鼻	-1	0.1392920235749422
褛	-1	0.1392920235749422
喷	-1	0.1392920235749422
忐	-1	0.1392920235749422
臃	-1	0.1392920235749422
坠	-1	0.1392920235749422
穴	-1	0.1392920235749422
棱	-1	0.1392920235749422
哗	-1	0.1392920235749422
尴	-1	0.1392920235749422
拮	-1	0.1392920235749422
豫	-1	0.1392920235749422
仿	-1	0.1392920235749422
扑	-1	0.1392920235749422
讳	-1	0.1392920235749422
骇	-1	0.1392920235749422
醋	-1	0.1392920235749422
菌	-1	0.1392920235749422
逊	-1	0.1392920235749422
撞	-1	0.1392920235749422
抖	-1	0.1392920235749422
匪	-1	0.1392920235749422
尾	-1	0.1392920235749422
逼	-1	0.1392920235749422
褴	-1	0.1392920235749422
歹	-1	0.1392920235749422
忑	-1	0.1392920235749422
甚	-1	0.1392920235749422
孔	-1	0.1392920235749422
逐	-1	0.1392920235749422
附	-1	0.1392920235749422
寞	-1	0.1392920235749422
霍	-1	0.1392920235749422
恫	-1	0.1392920235749422
潦	-1	0.1392920235749422
吾	-1	0.1392920235749422
棍	-1	0.1392920235749422
莽	-1	0.1392920235749422
斧	-1	0.1392920235749422
尬	-1	0.1392920235749422
较	-1	0.1392920235749422
褒	-1	0.1392920235749422
贫	-1	0.1392920235749422
峋	-1	0.1392920235749422
嶙	-1	0.1392920235749422
丐	-1	0.1392920235749422
峻	-0.6103896103896104	0.22637395386028736
思	-0.17372881355932207	0.792647147060761
报	-0.16831683168316827	0.8142462362859086
筋	-1	0.1364182099584359
割	-0.6521739130434783	0.20546639749666595
拍	-0.6	0.22119921692859512
叱	-0.6	0.22119921692859512
拳	-0.6	0.22119921692859512
摧	-0.6	0.22119921692859512
涉	-0.6	0.22119921692859512
扎	-0.6	0.22119921692859512
晕	-0.2222222222222222	0.5934303402594009
因	-1	0.13064176460119414
端	-0.18205804749340368	0.7172899128156853
驳	-0.36363636363636365	0.3559635789168587
普	-0.36363636363636365	0.3559635789168587
费	-0.1825613079019073	0.7057522952856959
记	-0.42857142857142855	0.29531191028128656
啼	-1	0.12482668095705252
戈	-1	0.12482668095705252
哨	-1	0.12482668095705252
挂	-1	0.12482668095705252
孩	-1	0.12482668095705252
惺	-1	0.12482668095705252
搭	-1	0.12482668095705252
幻	-0.16279069767441856	0.7614874461456976
呕	-1	0.1219045690794387
话	-0.14851485148514848	0.8142462362859086
谷	-0.6666666666666667	0.18126924692201818
到	-0.17964071856287425	0.6715377399445649
目	-0.12977099236641215	0.9271971371725645
示	-0.17647058823529405	0.6780417284623241
靠	-0.3103448275862069	0.3832757856308392
侈	-0.3103448275862069	0.3832757856308392
在	-0.4117647058823529	0.28822967723739035
弥	-0.4117647058823529	0.28822967723739035
该	-0.4117647058823529	0.28822967723739035
资	-0.4117647058823529	0.28822967723739035
可	-0.11784511784511766	0.9999930724199162
肠	-0.5000000000000001	0.2340716616353513
闭	-0.5000000000000001	0.2340716616353513
销	-0.5000000000000001	0.2340716616353513
判	-0.2571428571428572	0.4419648542299529
朽	-0.2571428571428572	0.4419648542299529
煽	-0.39999999999999997	0.28346868942621073
就	-0.3181818181818181	0.3559635789168587
令	-0.11081577115372464	0.9994601858877731
府	-0.3939393939393939	0.28107626656807383
克	-0.2307692307692307	0.47795422323898396
列	-1	0.11011822901197621
瞪	-1	0.11011822901197621
雷	-1	0.11011822901197621
虔	-1	0.11011822901197621
门	-0.18518518518518523	0.5934303402594009
渴	-0.19047619047619047	0.5682894765709203
连	-0.30769230769230765	0.3516556589984903
殊	-0.22994652406417113	0.46384572526831147
市	-0.6363636363636365	0.16750938738839738
皂	-1	0.10587059137274868
甘	-0.5384615384615384	0.19480167598192943
式	-0.21874999999999994	0.47270757595695145
红	-0.14340344168260036	0.7121276410673658
底	-0.2452830188679245	0.4113950303216448
衡	-0.3684210526315789	0.271426427488607
赖	-0.18143459915611815	0.5461552047176441
玩	-0.14782608695652177	0.6655400358570984
荡	-0.14285714285714282	0.6885967760854024
身	-0.15309446254071665	0.6406050418796498
图	-0.20000000000000004	0.486582880967408
觉	-0.20000000000000004	0.486582880967408
拉	-0.23636363636363633	0.407739983704107
支	-0.13513513513513517	0.708680108866529
拟	-0.28	0.34075936979955623
兮	-1	0.09516258196404048
借	-1	0.09516258196404048
垮	-1	0.09516258196404048
缔	-1	0.09516258196404048
窖	-1	0.09516258196404048
姗	-1	0.09516258196404048
囤	-1	0.09516258196404048
蛇	-1	0.09516258196404048
耍	-1	0.09516258196404048
嗽	-1	0.09516258196404048
杠	-1	0.09516258196404048
蠕	-1	0.09516258196404048
锈	-1	0.09516258196404048
藐	-1	0.09516258196404048
晨	-1	0.09516258196404048
涎	-1	0.09516258196404048
腆	-1	0.09516258196404048
胧	-1	0.09516258196404048
拌	-1	0.09516258196404048
袱	-1	0.09516258196404048
煎	-1	0.09516258196404048
儡	-1	0.09516258196404048
歉	-1	0.09516258196404048
婊	-1	0.09516258196404048
眈	-1	0.09516258196404048
遣	-1	0.09516258196404048
蛭	-1	0.09516258196404048
灌	-1	0.09516258196404048
奚	-1	0.09516258196404048
嗜	-1	0.09516258196404048
也	-1	0.09516258196404048
饵	-1	0.09516258196404048
忡	-1	0.09516258196404048
榨	-1	0.09516258196404048
荼	-1	0.09516258196404048
殒	-1	0.09516258196404048
伎	-1	0.09516258196404048
苏	-1	0.09516258196404048
杆	-1	0.09516258196404048
谜	-1	0.09516258196404048
幕	-1	0.09516258196404048
啜	-1	0.09516258196404048
狰	-1	0.09516258196404048
她	-1	0.09516258196404048
侥	-1	0.09516258196404048
苍	-1	0.09516258196404048
柄	-1	0.09516258196404048
喑	-1	0.09516258196404048
痞	-1	0.09516258196404048
音	-1	0.09516258196404048
钞	-1	0.09516258196404048
币	-1	0.09516258196404048
殴	-1	0.09516258196404048
祟	-1	0.09516258196404048
痪	-1	0.09516258196404048
碜	-1	0.09516258196404048
早	-1	0.09516258196404048
荆	-1	0.09516258196404048
仆	-1	0.09516258196404048
疣	-1	0.09516258196404048
埋	-1	0.09516258196404048
嚓	-1	0.09516258196404048
嗦	-1	0.09516258196404048
疫	-1	0.09516258196404048
岸	-1	0.09516258196404048
倚	-1	0.09516258196404048
腺	-1	0.09516258196404048
羊	-1	0.09516258196404048
磺	-1	0.09516258196404048
揄	-1	0.09516258196404048
暧	-1	0.09516258196404048
眦	-1	0.09516258196404048
蘑	-1	0.09516258196404048
朦	-1	0.09516258196404048
凛	-1	0.09516258196404048
趋	-1	0.09516258196404048
赘	-1	0.09516258196404048
恣	-1	0.09516258196404048
晦	-1	0.09516258196404048
码	-1	0.09516258196404048
撕	-1	0.09516258196404048
屏	-1	0.09516258196404048
噪	-1	0.09516258196404048
惚	-1	0.09516258196404048
聋	-1	0.09516258196404048
猪	-1	0.09516258196404048
嗲	-1	0.09516258196404048
獗	-1	0.09516258196404048
顽	-1	0.09516258196404048
汰	-1	0.09516258196404048
濒	-1	0.09516258196404048
傀	-1	0.09516258196404048
炼	-1	0.09516258196404048
径	-1	0.09516258196404048
憬	-1	0.09516258196404048
删	-1	0.09516258196404048
鼠	-1	0.09516258196404048
纸	-1	0.09516258196404048
遍	-1	0.09516258196404048
佯	-1	0.09516258196404048
拐	-1	0.09516258196404048
粘	-1	0.09516258196404048
墟	-1	0.09516258196404048
层	-1	0.09516258196404048
馁	-1	0.09516258196404048
寿	-1	0.09516258196404048
硫	-1	0.09516258196404048
禽	-1	0.09516258196404048
践	-1	0.09516258196404048
咄	-1	0.09516258196404048
房	-1	0.09516258196404048
嫌	-1	0.09516258196404048
炉	-1	0.09516258196404048
班	-1	0.09516258196404048
覆	-1	0.09516258196404048
湎	-1	0.09516258196404048
熬	-1	0.09516258196404048
胀	-1	0.09516258196404048
斤	-1	0.09516258196404048
呜	-1	0.09516258196404048
罐	-1	0.09516258196404048
垫	-1	0.09516258196404048
兀	-1	0.09516258196404048
罔	-1	0.09516258196404048
秋	-1	0.09516258196404048
懑	-1	0.09516258196404048
诵	-1	0.09516258196404048
窟	-1	0.09516258196404048
磬	-1	0.09516258196404048
饭	-1	0.09516258196404048
剌	-1	0.09516258196404048
怅	-1	0.09516258196404048
罹	-1	0.09516258196404048
溅	-1	0.09516258196404048
违	-1	0.09516258196404048
怆	-1	0.09516258196404048
鸭	-1	0.09516258196404048
癖	-1	0.09516258196404048
唬	-1	0.09516258196404048
媒	-1	0.09516258196404048
瘙	-1	0.09516258196404048
蔓	-1	0.09516258196404048
瓦	-1	0.09516258196404048
啕	-1	0.09516258196404048
殆	-1	0.09516258196404048
鞭	-1	0.09516258196404048
崩	-1	0.09516258196404048
菜	-1	0.09516258196404048
坡	-1	0.09516258196404048
瘿	-1	0.09516258196404048
冽	-1	0.09516258196404048
蚕	-1	0.09516258196404048
官	-1	0.09516258196404048
搀	-1	0.09516258196404048
奄	-1	0.09516258196404048
嚎	-1	0.09516258196404048
块	-1	0.09516258196404048
淹	-1	0.09516258196404048
勉	-1	0.09516258196404048
嚷	-1	0.09516258196404048
摒	-1	0.09516258196404048
剽	-1	0.09516258196404048
愠	-1	0.09516258196404048
购	-1	0.09516258196404048
抄	-1	0.09516258196404048
猴	-1	0.09516258196404048
喋	-1	0.09516258196404048
觊	-1	0.09516258196404048
冢	-1	0.09516258196404048
疚	-1	0.09516258196404048
蟥	-1	0.09516258196404048
矮	-1	0.09516258196404048
狐	-1	0.09516258196404048
峙	-1	0.09516258196404048
吼	-1	0.09516258196404048
岔	-1	0.09516258196404048
匮	-1	0.09516258196404048
凑	-1	0.09516258196404048
诋	-1	0.09516258196404048
革	-1	0.09516258196404048
蝗	-1	0.09516258196404048
插	-1	0.09516258196404048
沓	-1	0.09516258196404048
囚	-1	0.09516258196404048
瘤	-1	0.09516258196404048
庶	-1	0.09516258196404048
镖	-1	0.09516258196404048
诟	-1	0.09516258196404048
诤	-1	0.09516258196404048
愣	-1	0.09516258196404048
倨	-1	0.09516258196404048
搏	-1	0.09516258196404048
褶	-1	0.09516258196404048
咛	-1	0.09516258196404048
沥	-1	0.09516258196404048
吠	-1	0.09516258196404048
觎	-1	0.09516258196404048
瞒	-1	0.09516258196404048
慵	-1	0.09516258196404048
炒	-1	0.09516258196404048
辛	-1	0.09516258196404048
钳	-1	0.09516258196404048
羽	-1	0.09516258196404048
捻	-1	0.09516258196404048
楣	-1	0.09516258196404048
飙	-1	0.09516258196404048
噬	-1	0.09516258196404048
叮	-1	0.09516258196404048
煤	-1	0.09516258196404048
耕	-1	0.09516258196404048
剿	-1	0.09516258196404048
蛙	-1	0.09516258196404048
锁	-1	0.09516258196404048
噱	-1	0.09516258196404048
袒	-1	0.09516258196404048
藤	-1	0.09516258196404048
炊	-1	0.09516258196404048
锢	-1	0.09516258196404048
缚	-1	0.09516258196404048
咳	-1	0.09516258196404048
南	-1	0.09516258196404048
贪	-1	0.09516258196404048
挨	-1	0.09516258196404048
跑	-1	0.09516258196404048
框	-1	0.09516258196404048
憧	-1	0.09516258196404048
湍	-1	0.09516258196404048
芸	-1	0.09516258196404048
惭	-1	0.09516258196404048
劾	-1	0.09516258196404048
塌	-1	0.09516258196404048
诮	-1	0.09516258196404048
窃	-1	0.09516258196404048
凹	-1	0.09516258196404048
衔	-1	0.09516258196404048
婴	-1	0.09516258196404048
腹	-1	0.09516258196404048
诘	-1	0.09516258196404048
泡	-1	0.09516258196404048
哆	-1	0.09516258196404048
烫	-1	0.09516258196404048
懵	-1	0.09516258196404048
胥	-1	0.09516258196404048
葬	-1	0.09516258196404048
萦	-1	0.09516258196404048
祀	-1	0.09516258196404048
潭	-1	0.09516258196404048
搪	-1	0.09516258196404048
睛	-1	0.09516258196404048
蹋	-1	0.09516258196404048
瞰	-1	0.09516258196404048
儆	-1	0.09516258196404048
砧	-1	0.09516258196404048
航	-1	0.09516258196404048
吏	-1	0.09516258196404048
这	-1	0.09516258196404048
屋	-1	0.09516258196404048
喀	-1	0.09516258196404048
壁	-1	0.09516258196404048
绯	-1	0.09516258196404048
膏	-1	0.09516258196404048
阴	-1	0.09516258196404048
捕	-1	0.09516258196404048
蛀	-1	0.09516258196404048
鲆	-1	0.09516258196404048
瘢	-1	0.09516258196404048
裹	-1	0.09516258196404048
辣	-1	0.09516258196404048
睚	-1	0.09516258196404048
挟	-1	0.09516258196404048
涣	-1	0.09516258196404048
黠	-1	0.09516258196404048
魇	-1	0.09516258196404048
磁	-1	0.09516258196404048
捏	-1	0.09516258196404048
填	-1	0.09516258196404048
冗	-1	0.09516258196404048
侏	-1	0.09516258196404048
拗	-1	0.09516258196404048
渍	-1	0.09516258196404048
瘸	-1	0.09516258196404048
悸	-1	0.09516258196404048
葛	-1	0.09516258196404048
掏	-1	0.09516258196404048
糗	-1	0.09516258196404048
罩	-1	0.09516258196404048
委	-1	0.09516258196404048
惕	-1	0.09516258196404048
织	-1	0.09516258196404048
萧	-1	0.09516258196404048
爪	-1	0.09516258196404048
摄	-1	0.09516258196404048
岌	-1	0.09516258196404048
泊	-1	0.09516258196404048
烤	-1	0.09516258196404048
菇	-1	0.09516258196404048
糙	-1	0.09516258196404048
债	-1	0.09516258196404048
雾	-1	0.09516258196404048
蜕	-1	0.09516258196404048
蝎	-1	0.09516258196404048
卦	-1	0.09516258196404048
洼	-1	0.09516258196404048
滓	-1	0.09516258196404048
腼	-1	0.09516258196404048
鹜	-1	0.09516258196404048
揶	-1	0.09516258196404048
幌	-1	0.09516258196404048
距	-1	0.09516258196404048
狞	-1	0.09516258196404048
痨	-1	0.09516258196404048
挣	-1	0.09516258196404048
涸	-1	0.09516258196404048
粪	-1	0.09516258196404048
羁	-1	0.09516258196404048
芜	-1	0.09516258196404048
悚	-0.6000000000000001	0.15351827510938587
抱	-0.22580645161290322	0.40349441030503164
武	-0.22580645161290322	0.40349441030503164
香	-0.5	0.18126924692201818
洗	-0.5	0.18126924692201818
露	-0.5	0.18126924692201818
轰	-0.5	0.18126924692201818
薪	-0.5	0.18126924692201818
追	-0.5	0.18126924692201818
澜	-0.5	0.18126924692201818
儒	-0.5	0.18126924692201818
腔	-0.5	0.18126924692201818
​	-0.43243243243243246	0.209366404163144
帮	-0.4285714285714286	0.20811043366321835
很	-0.15384615384615388	0.5796496154913181
毫	-0.12820512820512833	0.689633058734515
词	-0.20000000000000007	0.4419648542299529
之	-0.09263657957244653	0.9395939894555263
饰	-0.22448979591836735	0.387373605815584
嘘	-0.3333333333333333	0.2591817793182821
沾	-0.3333333333333333	0.2591817793182821
松	-0.3333333333333333	0.2591817793182821
溺	-0.3333333333333333	0.2591817793182821
绘	-0.3333333333333333	0.2591817793182821
标	-0.3333333333333333	0.2591817793182821
设	-0.3333333333333333	0.2591817793182821
辑	-1	0.08606881472877181
惮	-1	0.08606881472877181
逻	-1	0.08606881472877181
棋	-1	0.08606881472877181
议	-0.11386138613861391	0.7398941633267024
誓	-0.25	0.3296799539643607
外	-0.1111111111111111	0.7407597393541085
耸	-0.47368421052631576	0.1730408660566377
似	-0.20833333333333334	0.38121660819385916
乖	-0.2	0.3934693402873666
野	-0.2	0.3934693402873666
境	-0.2	0.3934693402873666
纷	-0.2	0.3934693402873666
交	-0.0965092402464066	0.8027598650300265
闹	-0.1272727272727273	0.6001503456551527
件	-0.38461538461538464	0.19480167598192943
周	-0.23076923076923075	0.32294312550183535
浪	-0.11864406779661021	0.6259378553979174
加	-0.09090909090909091	0.8079500913792459
刻	-0.09090909090909091	0.8079500913792459
妖	-0.11475409836065575	0.6382010711600374
纳	-0.29411764705882354	0.2467313435453432
微	-0.11347517730496462	0.6093721646414789
眩	-0.125	0.5506710358827784
威	-0.08108108108108109	0.8427628336863724
代	-0.20000000000000007	0.34075936979955623
凿	-0.20000000000000007	0.34075936979955623
举	-0.10596026490066232	0.6345649314743227
秩	-1	0.06449301496838222
塔	-1	0.06449301496838222
咙	-1	0.06449301496838222
县	-1	0.06449301496838222
邦	-1	0.06449301496838222
谍	-1	0.06449301496838222
诽	-1	0.06449301496838222
桶	-1	0.06449301496838222
掘	-1	0.06449301496838222
瞧	-1	0.06449301496838222
蜘	-1	0.06449301496838222
部	-1	0.06449301496838222
宗	-1	0.06449301496838222
碰	-1	0.06449301496838222
胃	-1	0.06449301496838222
钢	-1	0.06449301496838222
殖	-1	0.06449301496838222
弧	-1	0.06449301496838222
谦	-1	0.06449301496838222
蛛	-1	0.06449301496838222
;	-1	0.06449301496838222
器	-1	0.06449301496838222
堆	-1	0.06449301496838222
喝	-0.15151515151515146	0.42305018961951335
球	-0.14285714285714282	0.4419648542299529
声	-0.06593406593406595	0.9518451458788036
秘	-0.12820512820512817	0.47795422323898396
室	-0.3333333333333333	0.18126924692201818
剂	-0.3333333333333333	0.18126924692201818
放	-0.07279693486590044	0.8244795993830032
所	-0.07834101382488483	0.7646465063284503
造	-0.11111111111111109	0.5276334472589853
挺	-0.24999999999999994	0.2340716616353513
肤	-0.24999999999999994	0.2340716616353513
呵	-0.24999999999999994	0.2340716616353513
宿	-0.24999999999999994	0.2340716616353513
脆	-0.24999999999999994	0.2340716616353513
均	-0.24999999999999994	0.2340716616353513
地	-0.058224557222553	0.9998480417524321
求	-0.06175771971496435	0.9395939894555263
况	-0.1627906976744186	0.3494909052766835
本	-0.20000000000000004	0.28346868942621073
再	-0.3170731707317073	0.1773612316366775
致	-0.06642728904847402	0.8438075950544194
待	-0.09433962264150941	0.5865973962327706
版	-0.16666666666666666	0.3296799539643607
忏	-0.16666666666666666	0.3296799539643607
车	-0.16666666666666666	0.3296799539643607
职	-0.14285714285714285	0.3729109147269438
木	-0.14285714285714285	0.3729109147269438
潜	-0.12500000000000006	0.4133537804899682
穿	-0.12500000000000006	0.4133537804899682
喘	-0.17647058823529416	0.28822967723739035
相	-0.05843071786310514	0.8642128464538144
骜	-1	0.048770575499285984
楼	-1	0.048770575499285984
弟	-1	0.048770575499285984
缥	-1	0.048770575499285984
窄	-1	0.048770575499285984
虎	-1	0.048770575499285984
朔	-1	0.048770575499285984
罢	-1	0.048770575499285984
扈	-1	0.048770575499285984
愎	-1	0.048770575499285984
恃	-1	0.048770575499285984
鉴	-1	0.048770575499285984
霆	-1	0.048770575499285984
堵	-1	0.048770575499285984
榷	-1	0.048770575499285984
浇	-1	0.048770575499285984
缈	-1	0.048770575499285984
始	-1	0.048770575499285984
赦	-1	0.048770575499285984
妆	-1	0.048770575499285984
噜	-1	0.048770575499285984
捐	-1	0.048770575499285984
蜚	-1	0.048770575499285984
遮	-1	0.048770575499285984
簧	-1	0.048770575499285984
缕	-1	0.048770575499285984
貂	-1	0.048770575499285984
陆	-1	0.048770575499285984
惯	-1	0.048770575499285984
叽	-1	0.048770575499285984
澳	-1	0.048770575499285984
帖	-1	0.048770575499285984
曝	-1	0.048770575499285984
托	-1	0.048770575499285984
徇	-1	0.048770575499285984
谣	-1	0.048770575499285984
漆	-1	0.048770575499285984
迁	-1	0.048770575499285984
尺	-1	0.048770575499285984
魂	-1	0.048770575499285984
跋	-1	0.048770575499285984
逢	-1	0.048770575499285984
腕	-1	0.048770575499285984
律	-1	0.048770575499285984
孙	-1	0.048770575499285984
岂	-1	0.048770575499285984
杨	-1	0.048770575499285984
瘴	-1	0.048770575499285984
脊	-1	0.048770575499285984
擂	-1	0.048770575499285984
桀	-1	0.048770575499285984
绌	-1	0.048770575499285984
右	-1	0.048770575499285984
舛	-1	0.048770575499285984
衫	-1	0.048770575499285984
杞	-1	0.048770575499285984
遏	-1	0.048770575499285984
婢	-1	0.048770575499285984
牒	-1	0.048770575499285984
胸	-1	0.048770575499285984
毕	-1	0.048770575499285984
熏	-1	0.048770575499285984
恬	-1	0.048770575499285984
膝	-1	0.048770575499285984
暮	-1	0.048770575499285984
玄	-1	0.048770575499285984
俑	-1	0.048770575499285984
彼	-1	0.048770575499285984
咕	-1	0.048770575499285984
米	-1	0.048770575499285984
焉	-1	0.048770575499285984
噎	-1	0.048770575499285984
寝	-1	0.048770575499285984
嗤	-1	0.048770575499285984
炭	-1	0.048770575499285984
驯	-1	0.048770575499285984
戳	-1	0.048770575499285984
喻	-1	0.048770575499285984
乳	-1	0.048770575499285984
循	-1	0.048770575499285984
各	-1	0.048770575499285984
篇	-1	0.048770575499285984
李	-1	0.048770575499285984
寸	-1	0.048770575499285984
籁	-1	0.048770575499285984
梁	-1	0.048770575499285984
郎	-1	0.048770575499285984
剩	-1	0.048770575499285984
虞	-1	0.048770575499285984
燎	-1	0.048770575499285984
摸	-1	0.048770575499285984
耙	-1	0.048770575499285984
狈	-1	0.048770575499285984
痍	-1	0.048770575499285984
何	-1	0.048770575499285984
青	-0.341692789968652	0.14092990695542473
出	-0.0501750291715286	0.9425400253533962
尼	-0.3333333333333333	0.1392920235749422
此	-0.3333333333333333	0.1392920235749422
研	-0.3333333333333333	0.1392920235749422
货	-0.3333333333333333	0.1392920235749422
吞	-0.3333333333333333	0.1392920235749422
卧	-0.3333333333333333	0.1392920235749422
隐	-0.3333333333333333	0.1392920235749422
刀	-0.3333333333333333	0.1392920235749422
掷	-0.3333333333333333	0.1392920235749422
苟	-0.3333333333333333	0.1392920235749422
枝	-0.3333333333333333	0.1392920235749422
泯	-0.3333333333333333	0.1392920235749422
丝	-0.3333333333333333	0.1392920235749422
网	-0.2727272727272727	0.16750938738839727
院	-0.2727272727272727	0.16750938738839727
生	-0.04634581105169362	0.976245896868695
省	-0.2	0.22119921692859512
愕	-0.2	0.22119921692859512
汗	-0.2	0.22119921692859512
齿	-0.2	0.22119921692859512
钟	-0.2	0.22119921692859512
盖	-0.2	0.22119921692859512
首	-0.2	0.22119921692859512
恕	-0.2	0.22119921692859512
缘	-0.2	0.22119921692859512
环	-0.2	0.22119921692859512
却	-0.2	0.22119921692859512
把	-0.2	0.22119921692859512
姿	-0.2	0.22119921692859512
闪	-0.2	0.22119921692859512
尔	-0.2	0.22119921692859512
像	-0.08910891089108913	0.48999427780337823
少	-0.07142857142857147	0.6067592791314017
舌	-0.14285714285714285	0.29531191028128656
套	-0.14285714285714285	0.29531191028128656
术	-0.14285714285714285	0.29531191028128656
软	-0.14285714285714285	0.29531191028128656
浑	-0.14285714285714285	0.29531191028128656
钻	-0.14285714285714285	0.29531191028128656
妨	-0.14285714285714285	0.29531191028128656
恰	-0.13043478260869565	0.31841433380615203
传	-0.05472636815920405	0.738154331419674
潮	-0.1111111111111111	0.36237184837822667
悬	-0.1111111111111111	0.36237184837822667
留	-0.1111111111111111	0.36237184837822667
位	-0.1111111111111111	0.36237184837822667
使	-0.05882352941176465	0.6780417284623241
阶	-1	0.03921056084767682
且	-1	0.03921056084767682
兆	-1	0.03921056084767682
灼	-0.09090909090909091	0.42305018961951335
王	-0.09090909090909091	0.42305018961951335
谈	-0.05652173913043474	0.6655400358570984
试	-0.28571428571428575	0.13064176460119414
耀	-0.07692307692307693	0.47795422323898396
能	-0.0427956444669536	0.8474825389005187
挽	-0.16666666666666663	0.21337213893344653
续	-0.0721649484536082	0.47621116717027323
别	-0.058823529411764705	0.5725850680512734
云	-0.058823529411764705	0.5725850680512734
驶	-1	0.0327838995179941
驾	-1	0.0327838995179941
饲	-1	0.0327838995179941
皆	-1	0.0327838995179941
封	-0.20000000000000004	0.15351827510938587
雄	-0.20000000000000004	0.15351827510938587
营	-0.20000000000000004	0.15351827510938587
需	-0.20000000000000004	0.15351827510938587
碑	-0.20000000000000004	0.15351827510938587
习	-0.20000000000000004	0.15351827510938587
竹	-0.20000000000000004	0.15351827510938587
票	-0.06976744186046512	0.4363565077761258
你	-0.11111111111111109	0.2591817793182821
未	-0.054054054054054036	0.5228860844789657
征	-0.09090909090909095	0.3069593799135585
炮	-0.09090909090909095	0.3069593799135585
一	-0.02709677419354829	0.9942964510019926
歇	-0.13043478260869568	0.20546639749666595
户	-0.24999999999999994	0.10117476852839113
听	-0.03846153846153849	0.6465453180412198
常	-0.03092783505154634	0.8014405379262739
积	-0.04347826086956524	0.5354409796390884
结	-0.028213166144200694	0.654697119753376
烈	-0.020733652312599778	0.8763128641825452
管	-0.028340080971659923	0.5610340068829456
绞	-0.14285714285714285	0.11011822901197621
释	-0.14285714285714285	0.11011822901197621
味	-0.01919258769027138	0.8134188266767052
泛	-0.05882352941176474	0.2467313435453432
已	-0.05882352941176474	0.2467313435453432
掌	-0.03225806451612901	0.40349441030503164
至	-0.024390243902439	0.4950689195281104
治	-0.023255813953488354	0.5116225293338129
绝	-0.012195121951219533	0.9349977460369655
宠	-0.02040816326530605	0.5580977904154747
良	-0.019607843137254936	0.5725850680512734
移	-0.025641025641025664	0.32294312550183535
舞	-0.016949152542372895	0.445672715265493
产	-0.03225806451612903	0.18670929828965577
谨	-0.021739130434782532	0.2641041413517583
慎	-0.01315789473684206	0.39749942946195704
懈	-0.011627906976744144	0.4363565077761259
同	-0.004149377593360981	0.7994449821562905
价	-0.003496503496503484	0.8514251885322329
顿	0.0	0.18126924692201818
皇	0.0	0.2591817793182821
笑	0.0	0.9822848191762019
载	0.0	0.09516258196404048
砂	0.0	0.18126924692201818
灯	0.0	0.09516258196404048
吁	0.0	0.18126924692201818
讯	0.0	0.18126924692201818
咋	0.0	0.09516258196404048
射	0.0	0.3934693402873666
演	0.0	0.09516258196404048
浓	0.0	0.3934693402873666
沌	0.0	0.18126924692201818
段	0.0	0.18126924692201818
奥	0.0	0.18126924692201818
土	0.0	0.18126924692201818
唠	0.0	0.18126924692201818
概	0.0	0.18126924692201818
伐	0.0	0.18126924692201818
型	0.0	0.8233055542434032
砍	0.0	0.18126924692201818
撑	0.0	0.18126924692201818
恤	0.0	0.18126924692201818
楚	0.0	0.18126924692201818
席	0.0	0.18126924692201818
眠	0.0	0.18126924692201818
箭	0.0	0.18126924692201818
抬	0.0	0.18126924692201818
商	0.0	0.3934693402873666
束	0.0	0.18126924692201818
截	0.0	0.2591817793182821
臣	0.0	0.18126924692201818
程	0.0	0.09516258196404048
除	0.0	0.6321205588285577
副	0.0	0.09516258196404048
刷	0.0	0.18126924692201818
究	0.0	0.18126924692201818
亚	0.0	0.09516258196404048
医	0.0	0.18126924692201818
墨	0.0	0.09516258196404048
昂	0.0	0.2591817793182821
贝	0.0	0.18126924692201818
卷	0.0	0.18126924692201818
海	0.0	0.3934693402873666
睹	0.0	0.09516258196404048
彰	0.0	0.18126924692201818
钱	0.0	0.28346868942621073
脉	0.0	0.18126924692201818
叶	0.0	0.09516258196404048
祭	0.0	0.18126924692201818
若	0.0	0.3934693402873666
劝	0.0	0.6321205588285577
榜	0.0	0.18126924692201818
湖	0.0	0.09516258196404048
兢	0.0	0.18126924692201818
肌	0.0	0.18126924692201818
股	0.0	0.12482668095705252
兵	0.0	0.18126924692201818
猜	0.0	0.18126924692201818
历	0.0	0.09516258196404048
辞	0.0	0.28346868942621073
亦	0.0	0.09516258196404048
撼	0.0	0.09516258196404048
旅	0.0	0.18126924692201818
纹	0.0	0.18126924692201818
找	0.0	0.18126924692201818
诱	0.0	0.2591817793182821
擅	0.0	0.18126924692201818
肺	0.0	0.18126924692201818
疗	0.0	0.18126924692201818
谱	0.0	0.18126924692201818
哉	0.0	0.18126924692201818
色	0.003067484662576758	0.8862023415296522
登	0.04761904761904769	0.13064176460119414
导	0.01910828025477709	0.4074578879645968
原	0.025641025641025664	0.32294312550183535
补	0.025641025641025664	0.32294312550183535
据	0.05263157894736841	0.1730408660566377
睐	0.11111111111111108	0.08606881472877181
汤	0.11111111111111108	0.08606881472877181
激	0.01098901098901095	0.973747656034312
迹	0.01818181818181812	0.6001503456551527
体	0.013651877133105846	0.8581993857847696
文	0.01694915254237297	0.6927212613988687
卡	0.03225806451612901	0.40349441030503164
险	0.019073569482288832	0.705752295285696
雨	0.03999999999999997	0.34075936979955623
带	0.0434782608695653	0.31841433380615203
换	0.03448275862068969	0.44010163343459796
乎	0.03553299492385788	0.48142295313725825
缭	0.14754098360655732	0.13518364006126793
向	0.03448275862068972	0.6196512434107415
贯	0.148936170212766	0.1450109923405405
看	0.03846153846153842	0.5796496154913182
息	0.03468208092485544	0.6844169293786341
醉	0.050000000000000024	0.486582880967408
古	0.03092783505154634	0.8014405379262739
通	0.03846153846153849	0.6465453180412198
动	0.026429010448678486	0.9955875859397074
归	0.07142857142857147	0.3729109147269438
社	0.09090909090909095	0.3069593799135585
许	0.09090909090909095	0.3069593799135585
领	0.09090909090909095	0.3069593799135585
修	0.09090909090909095	0.3069593799135585
寄	0.09090909090909095	0.3069593799135585
柱	0.09090909090909095	0.3069593799135585
印	0.09999999999999999	0.28346868942621073
箱	0.11111111111111109	0.2591817793182821
号	0.14285714285714285	0.20811043366321835
匀	0.20000000000000004	0.15351827510938587
贴	0.20000000000000004	0.15351827510938587
袋	0.20000000000000004	0.15351827510938587
须	0.20000000000000004	0.15351827510938587
扩	0.20000000000000004	0.15351827510938587
间	0.20000000000000004	0.15351827510938587
雪	0.20000000000000004	0.15351827510938587
长	0.047619047619047616	0.6500622508888447
旷	0.24999999999999994	0.12482668095705252
易	0.05084745762711874	0.6259378553979174
立	0.04368932038834949	0.7467386535076335
呼	0.05454545454545455	0.6001503456551527
宜	0.07784431137724555	0.42688372902574556
日	0.039999999999999945	0.875485528555877
估	0.16666666666666663	0.21337213893344653
溢	0.16666666666666663	0.21337213893344653
谅	0.12149532710280381	0.29999420588557435
腾	0.07692307692307693	0.47795422323898396
具	0.125	0.2992159894074672
庭	0.16883116883116886	0.22637395386028736
九	1	0.03921056084767682
罗	1	0.03921056084767682
颗	1	0.03921056084767682
蒂	1	0.03921056084767682
知	0.045180722891566265	0.890664411541427
速	0.14285714285714285	0.29531191028128656
千	0.14285714285714285	0.29531191028128656
阔	0.2	0.22119921692859512
泼	0.2	0.22119921692859512
悯	0.2	0.22119921692859512
依	0.2	0.22119921692859512
渊	0.2	0.22119921692859512
他	0.12408759124087587	0.3666085646432915
脑	0.07806691449814118	0.5920728468281516
前	0.05448154657293498	0.8499319868524831
藉	0.3333333333333333	0.1392920235749422
逸	0.3333333333333333	0.1392920235749422
饶	0.3333333333333333	0.1392920235749422
每	0.3333333333333333	0.1392920235749422
愈	0.3333333333333333	0.1392920235749422
履	0.3333333333333333	0.1392920235749422
七	0.3333333333333333	0.1392920235749422
存	0.3333333333333333	0.1392920235749422
尤	0.3333333333333333	0.1392920235749422
挠	0.3333333333333333	0.1392920235749422
扣	0.3333333333333333	0.1392920235749422
夙	0.3333333333333333	0.1392920235749422
还	0.3333333333333333	0.1392920235749422
冠	0.3333333333333333	0.1392920235749422
菲	0.3333333333333333	0.1392920235749422
俱	0.3333333333333333	0.1392920235749422
抓	0.3333333333333333	0.1392920235749422
例	0.3333333333333333	0.1392920235749422
见	0.05307262569832398	0.9080643742230171
帜	1	0.048770575499285984
犊	1	0.048770575499285984
另	1	0.048770575499285984
涯	1	0.048770575499285984
蓄	1	0.048770575499285984
霄	1	0.048770575499285984
铭	1	0.048770575499285984
蓬	1	0.048770575499285984
返	1	0.048770575499285984
琳	1	0.048770575499285984
荫	1	0.048770575499285984
玛	1	0.048770575499285984
览	1	0.048770575499285984
饮	1	0.048770575499285984
崭	1	0.048770575499285984
萃	1	0.048770575499285984
茵	1	0.048770575499285984
贤	1	0.048770575499285984
毋	1	0.048770575499285984
随	1	0.048770575499285984
仑	1	0.048770575499285984
昌	1	0.048770575499285984
防	1	0.048770575499285984
掬	1	0.048770575499285984
咤	1	0.048770575499285984
蜜	1	0.048770575499285984
吐	1	0.048770575499285984
锦	1	0.048770575499285984
岭	1	0.048770575499285984
纱	1	0.048770575499285984
或	1	0.048770575499285984
祛	1	0.048770575499285984
拓	1	0.048770575499285984
恻	1	0.048770575499285984
雕	1	0.048770575499285984
弦	1	0.048770575499285984
鹊	1	0.048770575499285984
邻	1	0.048770575499285984
季	1	0.048770575499285984
奏	1	0.048770575499285984
艾	1	0.048770575499285984
陶	1	0.048770575499285984
呈	1	0.048770575499285984
琢	1	0.048770575499285984
汁	1	0.048770575499285984
赴	1	0.048770575499285984
璧	1	0.048770575499285984
寐	1	0.048770575499285984
初	1	0.048770575499285984
众	0.17647058823529416	0.28822967723739035
百	0.1176470588235294	0.43258633120299617
娇	0.1176470588235294	0.43258633120299617
心	0.053614666205465226	0.9999973709523533
国	0.06418918918918914	0.8610072260721482
当	0.06796116504854376	0.8203359690106007
醒	0.20000000000000004	0.28346868942621073
家	0.08333333333333333	0.698805788087798
棒	0.24999999999999994	0.2340716616353513
入	0.07297830374753453	0.8154804760070107
回	0.07795100222717145	0.7761248316605793
藏	0.12820512820512817	0.47795422323898396
剔	0.13513513513513517	0.4602594223763874
巨	0.09677419354838702	0.6441810814626581
调	0.09677419354838711	0.6441810814626581
林	0.5000000000000001	0.12482668095705252
应	0.0778443113772455	0.8117529343612532
节	0.10344827586206898	0.6196512434107415
。	1	0.06449301496838222
翁	1	0.06449301496838222
券	1	0.06449301496838222
厂	1	0.06449301496838222
痣	1	0.06449301496838222
鸽	1	0.06449301496838222
岁	1	0.06449301496838222
组	1	0.06449301496838222
字	1	0.06449301496838222
盆	1	0.06449301496838222
蟹	1	0.06449301496838222
踏	1	0.06449301496838222
玫	1	0.06449301496838222
馆	1	0.06449301496838222
镇	1	0.06449301496838222
互	0.13043478260869562	0.49842393093394455
足	0.10749185667752448	0.6406050418796498
章	0.26315789473684215	0.271426427488607
系	0.29411764705882343	0.2467313435453432
基	0.18421052631578952	0.39749942946195704
影	0.11475409836065568	0.6382010711600374
羡	0.23076923076923075	0.32294312550183535
允	0.38461538461538464	0.19480167598192943
固	0.1875	0.4133537804899682
怡	1	0.07995558537067671
泽	0.23076923076923078	0.3516556589984903
十	0.47368421052631576	0.1730408660566377
备	0.2631578947368421	0.31613859078764417
格	0.12852664576802514	0.654697119753376
谐	0.30000000000000004	0.28346868942621073
由	0.17948717948717946	0.47795422323898396
饥	1	0.08606881472877181
钦	1	0.08606881472877181
搞	0.3333333333333333	0.2591817793182821
宫	0.3333333333333333	0.2591817793182821
布	0.3333333333333333	0.2591817793182821
魄	0.3333333333333333	0.2591817793182821
戴	0.3333333333333333	0.2591817793182821
船	0.3333333333333333	0.2591817793182821
母	0.3333333333333333	0.2591817793182821
笼	0.3333333333333333	0.2591817793182821
抽	0.3333333333333333	0.2591817793182821
孝	0.3333333333333333	0.2591817793182821
岛	0.3333333333333333	0.2591817793182821
付	0.3333333333333333	0.2591817793182821
步	0.14285714285714285	0.6067592791314017
帝	0.35714285714285715	0.24421625854427453
起	0.11627906976744189	0.7614874461456975
义	0.0904522613065327	0.9813143606622672
唯	0.5	0.18126924692201818
择	0.5	0.18126924692201818
恢	0.5	0.18126924692201818
江	0.5	0.18126924692201818
考	0.2820512820512821	0.32294312550183535
咏	1	0.09516258196404048
擢	1	0.09516258196404048
旭	1	0.09516258196404048
釉	1	0.09516258196404048
谛	1	0.09516258196404048
督	1	0.09516258196404048
澈	1	0.09516258196404048
腻	1	0.09516258196404048
玉	1	0.09516258196404048
昵	1	0.09516258196404048
吧	1	0.09516258196404048
犷	1	0.09516258196404048
倍	1	0.09516258196404048
契	1	0.09516258196404048
芝	1	0.09516258196404048
姑	1	0.09516258196404048
匡	1	0.09516258196404048
奕	1	0.09516258196404048
恪	1	0.09516258196404048
潇	1	0.09516258196404048
冀	1	0.09516258196404048
侃	1	0.09516258196404048
晖	1	0.09516258196404048
葩	1	0.09516258196404048
娜	1	0.09516258196404048
翘	1	0.09516258196404048
敦	1	0.09516258196404048
敞	1	0.09516258196404048
拘	1	0.09516258196404048
净	1	0.09516258196404048
倜	1	0.09516258196404048
捍	1	0.09516258196404048
驱	1	0.09516258196404048
馨	1	0.09516258196404048
淳	1	0.09516258196404048
超	1	0.09516258196404048
籍	1	0.09516258196404048
它	1	0.09516258196404048
厨	1	0.09516258196404048
亢	1	0.09516258196404048
签	1	0.09516258196404048
翡	1	0.09516258196404048
哥	1	0.09516258196404048
窥	1	0.09516258196404048
韵	1	0.09516258196404048
译	1	0.09516258196404048
犒	1	0.09516258196404048
吻	1	0.09516258196404048
沃	1	0.09516258196404048
晚	1	0.09516258196404048
忆	1	0.09516258196404048
铸	1	0.09516258196404048
娟	1	0.09516258196404048
缀	1	0.09516258196404048
巩	1	0.09516258196404048
斐	1	0.09516258196404048
宇	1	0.09516258196404048
砾	1	0.09516258196404048
沛	1	0.09516258196404048
河	1	0.09516258196404048
瞩	1	0.09516258196404048
钧	1	0.09516258196404048
亘	1	0.09516258196404048
叭	1	0.09516258196404048
握	1	0.09516258196404048
艇	1	0.09516258196404048
孕	1	0.09516258196404048
域	1	0.09516258196404048
泉	1	0.09516258196404048
绮	1	0.09516258196404048
谕	1	0.09516258196404048
隆	1	0.09516258196404048
喇	1	0.09516258196404048
笃	1	0.09516258196404048
眨	1	0.09516258196404048
邃	1	0.09516258196404048
络	1	0.09516258196404048
纽	1	0.09516258196404048
妩	1	0.09516258196404048
皙	1	0.09516258196404048
够	1	0.09516258196404048
兑	1	0.09516258196404048
峨	1	0.09516258196404048
瑞	1	0.09516258196404048
煌	1	0.09516258196404048
讲	1	0.09516258196404048
亨	1	0.09516258196404048
硕	1	0.09516258196404048
擒	1	0.09516258196404048
罕	1	0.09516258196404048
忱	1	0.09516258196404048
啧	1	0.09516258196404048
详	1	0.09516258196404048
候	1	0.09516258196404048
旗	1	0.09516258196404048
拯	1	0.09516258196404048
璀	1	0.09516258196404048
粼	1	0.09516258196404048
髦	1	0.09516258196404048
婵	1	0.09516258196404048
洲	1	0.09516258196404048
巍	1	0.09516258196404048
傥	1	0.09516258196404048
哪	1	0.09516258196404048
颂	1	0.09516258196404048
拢	1	0.09516258196404048
奂	1	0.09516258196404048
总	1	0.09516258196404048
婚	1	0.09516258196404048
惬	1	0.09516258196404048
俘	1	0.09516258196404048
鸿	1	0.09516258196404048
垠	1	0.09516258196404048
泰	1	0.09516258196404048
刃	1	0.09516258196404048
又	1	0.09516258196404048
璨	1	0.09516258196404048
睿	1	0.09516258196404048
植	1	0.09516258196404048
州	1	0.09516258196404048
础	1	0.09516258196404048
廷	1	0.09516258196404048
腑	1	0.09516258196404048
婀	1	0.09516258196404048
瀚	1	0.09516258196404048
彬	1	0.09516258196404048
符	1	0.09516258196404048
雀	1	0.09516258196404048
祷	1	0.09516258196404048
查	1	0.09516258196404048
炽	1	0.09516258196404048
旌	1	0.09516258196404048
祉	1	0.09516258196404048
盼	1	0.09516258196404048
牌	0.20000000000000004	0.486582880967408
财	0.3333333333333333	0.29531191028128656
军	0.16981132075471703	0.5865973962327706
路	0.3684210526315789	0.271426427488607
辩	0.2452830188679245	0.4113950303216448
默	0.2352941176470588	0.43258633120299617
酒	0.24999999999999994	0.4133537804899682
锐	0.24999999999999994	0.4133537804899682
辜	0.5384615384615384	0.19480167598192943
英	0.5384615384615384	0.19480167598192943
赎	0.5384615384615384	0.19480167598192943
汹	0.2	0.5276334472589853
改	0.2	0.5276334472589853
特	0.11492734478203442	0.919808145438068
顺	0.2857142857142858	0.3729109147269438
飞	0.6363636363636365	0.16750938738839738
推	0.14285714285714285	0.7534030360583935
鼓	0.48051948051948057	0.22637395386028736
队	0.3333333333333333	0.3296799539643607
北	1	0.11011822901197621
桃	1	0.11011822901197621
京	1	0.11011822901197621
服	0.1355183207512429	0.8216713324071033
键	0.39999999999999997	0.28346868942621073
验	0.6129032258064516	0.18670929828965577
努	0.4255319148936171	0.2689937967814927
远	0.23857868020304565	0.48142295313725825
幽	0.27272727272727265	0.42305018961951335
涌	0.2727272727272727	0.42305018961951335
赛	0.5000000000000001	0.2340716616353513
双	0.5000000000000001	0.2340716616353513
奔	0.4117647058823529	0.28822967723739035
丸	0.4117647058823529	0.28822967723739035
予	0.4117647058823529	0.28822967723739035
繁	0.20000000000000004	0.6001503456551527
称	0.13713405238828977	0.8850586560482381
颜	0.206266318537859	0.5982417590347733
村	1	0.12482668095705252
勿	1	0.12482668095705252
啦	1	0.12482668095705252
便	0.22448979591836737	0.5580977904154747
耐	0.1734693877551021	0.7292790427601061
四	0.42857142857142855	0.29531191028128656
群	0.42857142857142855	0.29531191028128656
技	0.42857142857142855	0.29531191028128656
衷	0.29411764705882354	0.43258633120299617
绒	1	0.13064176460119414
匹	0.43925233644859807	0.29999420588557435
宾	0.6	0.22119921692859512
终	0.6	0.22119921692859512
答	0.6	0.22119921692859512
涨	0.6	0.22119921692859512
扫	0.6	0.22119921692859512
凡	0.35714285714285715	0.3729109147269438
诚	0.17899761336515518	0.7525796746719824
女	0.29729729729729726	0.4602594223763874
团	0.4166666666666667	0.3296799539643607
月	0.25	0.5506710358827784
漓	1	0.1392920235749422
映	1	0.1392920235749422
峰	1	0.1392920235749422
憨	1	0.1392920235749422
辨	1	0.1392920235749422
湃	1	0.1392920235749422
朝	1	0.1392920235749422
甜	1	0.1392920235749422
轮	1	0.1392920235749422
缝	1	0.1392920235749422
暖	1	0.1392920235749422
款	1	0.1392920235749422
淋	1	0.1392920235749422
锋	1	0.1392920235749422
咧	1	0.1392920235749422
娆	1	0.1392920235749422
乡	1	0.1392920235749422
缤	1	0.1392920235749422
枪	1	0.1392920235749422
澎	1	0.1392920235749422
晶	1	0.1392920235749422
彻	1	0.1392920235749422
玲	1	0.1392920235749422
莹	1	0.1392920235749422
诺	1	0.1392920235749422
睦	1	0.1392920235749422
齐	1	0.1392920235749422
芒	1	0.1392920235749422
继	1	0.1392920235749422
珑	1	0.1392920235749422
韧	1	0.1392920235749422
轻	1	0.1392920235749422
焕	1	0.1392920235749422
渝	1	0.1392920235749422
尝	1	0.1392920235749422
辟	1	0.1392920235749422
琅	1	0.1392920235749422
夏	1	0.1392920235749422
选	1	0.1392920235749422
肃	1	0.1392920235749422
茂	1	0.1392920235749422
巅	1	0.1392920235749422
响	0.45454545454545453	0.3069593799135585
暇	0.7014925373134329	0.20015181120932435
意	0.1408724645734924	0.9996637910706744
际	0.38686131386861317	0.3666085646432915
偿	0.35483870967741943	0.40349441030503164
开	0.16949152542372878	0.8600775119756906
即	0.625	0.2340716616353513
纯	0.24137931034482762	0.6196512434107415
复	0.22388059701492538	0.6726307913802724
讶	0.6341463414634146	0.23916086768870715
察	1	0.15351827510938587
餐	1	0.15351827510938587
娱	1	0.15351827510938587
第	1	0.15351827510938587
裕	1	0.15351827510938587
员	1	0.15351827510938587
赫	1	0.15351827510938587
湛	1	0.15351827510938587
仗	1	0.15351827510938587
庇	1	0.15351827510938587
瞻	1	0.15351827510938587
道	0.17887563884156718	0.8586712675922139
大	0.1548492257538711	0.9997197980598713
越	0.375	0.4133537804899682
天	0.15932746196957565	0.9844443806606914
样	0.4	0.3934693402873666
往	0.4	0.3934693402873666
宣	0.2542372881355932	0.6259378553979174
公	0.196078431372549	0.8173164759472654
慨	0.3513513513513513	0.4602594223763874
主	0.1679687499999999	0.9670687536002632
媚	0.5	0.3296799539643607
密	0.3181818181818182	0.5196946989102007
类	0.42857142857142855	0.387373605815584
史	0.4696969696969697	0.3559635789168586
更	0.3333333333333334	0.5034146962085906
得	0.17140536149471988	0.9834824748813743
振	0.32432432432432434	0.5228860844789657
偶	0.5081967213114754	0.3341338913173696
画	0.35000000000000003	0.486582880967408
念	0.2035398230088495	0.8479176811472925
城	0.6666666666666666	0.2591817793182821
赐	1	0.1730408660566377
置	0.3615494978479197	0.4851138773357345
缓	0.3333333333333333	0.5276334472589853
促	0.3333333333333333	0.5276334472589853
期	0.52	0.34075936979955623
途	0.52	0.34075936979955623
写	0.52	0.34075936979955623
想	0.1971223021582733	0.9013982892054598
津	1	0.18126924692201818
核	1	0.18126924692201818
翠	1	0.18126924692201818
婉	1	0.18126924692201818
宴	1	0.18126924692201818
顶	1	0.18126924692201818
店	1	0.18126924692201818
侠	1	0.18126924692201818
鸟	1	0.18126924692201818
殿	1	0.18126924692201818
伸	1	0.18126924692201818
幅	1	0.18126924692201818
勋	1	0.18126924692201818
娴	1	0.18126924692201818
殷	1	0.18126924692201818
融	1	0.18126924692201818
展	1	0.18126924692201818
眷	1	0.18126924692201818
肯	1	0.18126924692201818
佑	1	0.18126924692201818
尚	1	0.18126924692201818
项	1	0.18126924692201818
馈	1	0.18126924692201818
瑕	1	0.18126924692201818
孜	1	0.18126924692201818
悟	1	0.18126924692201818
洒	1	0.18126924692201818
唤	1	0.18126924692201818
霞	1	0.18126924692201818
渗	1	0.18126924692201818
奠	1	0.18126924692201818
培	1	0.18126924692201818
灿	1	0.18126924692201818
寓	1	0.18126924692201818
曼	1	0.18126924692201818
万	0.38461538461538464	0.47795422323898396
决	0.28125	0.6558462131345877
惠	0.6842105263157895	0.271426427488607
必	0.2564102564102565	0.7274682069659875
谊	1	0.18670929828965577
石	0.4285714285714286	0.4419648542299529
启	0.4285714285714286	0.4419648542299529
情	0.18987503187962254	0.9994292569380046
现	0.3210332103321034	0.5947833162458036
艳	0.45454545454545453	0.42305018961951335
朴	0.34693877551020413	0.5580977904154747
限	0.39999999999999997	0.486582880967408
个	1	0.19480167598192943
颖	1	0.19480167598192943
兼	1	0.19480167598192943
赋	1	0.19480167598192943
角	1	0.19480167598192943
田	1	0.19480167598192943
免	0.2962962962962963	0.6604044743550609
充	0.20031545741324935	0.9853990205465705
迎	0.5748031496062992	0.3451396900433503
宁	0.7	0.28346868942621073
数	0.4444444444444444	0.4511883639059736
安	0.21761658031088088	0.9237191483354086
滋	0.5555555555555555	0.36237184837822667
将	0.5555555555555556	0.36237184837822667
卫	0.5555555555555556	0.36237184837822667
约	0.5555555555555556	0.36237184837822667
观	0.2619589977220957	0.7685365574168442
效	0.28767123287671237	0.7037840905280504
级	0.42131979695431465	0.48142295313725825
平	0.21282798833819236	0.967613059227093
与	0.5620437956204379	0.3666085646432915
最	0.23809523809523808	0.868664478851507
笔	0.6521739130434783	0.31841433380615203
花	0.3400503778337531	0.6114129608371033
朋	1	0.20811043366321835
滴	1	0.20811043366321835
谢	1	0.20811043366321835
济	1	0.20811043366321835
翩	1	0.20811043366321835
荐	1	0.20811043366321835
抒	1	0.20811043366321835
感	0.20982800982800964	0.9988675063790445
貌	0.5333333333333333	0.3934693402873666
援	0.7142857142857143	0.29531191028128656
绿	0.7142857142857143	0.29531191028128656
获	0.7142857142857143	0.29531191028128656
男	0.45945945945945954	0.4602594223763874
范	0.5714285714285715	0.3729109147269438
俏	0.5714285714285715	0.3729109147269438
恳	0.5714285714285715	0.3729109147269438
蔼	1	0.21337213893344653
佩	1	0.21337213893344653
著	0.515527950310559	0.41530601236092823
凝	0.4857142857142857	0.4419648542299529
收	0.3877551020408163	0.5580977904154747
般	0.45000000000000007	0.486582880967408
健	0.37037037037037035	0.5934303402594009
旺	1	0.22119921692859512
拔	1	0.22119921692859512
遇	1	0.22119921692859512
给	1	0.22119921692859512
树	1	0.22119921692859512
鲜	1	0.22119921692859512
绚	1	0.22119921692859512
贞	1	0.22119921692859512
丹	1	0.22119921692859512
达	1	0.22119921692859512
辉	1	0.22119921692859512
竭	1	0.22119921692859512
匠	1	0.22119921692859512
工	0.7272727272727273	0.3069593799135585
合	0.24226804123711326	0.9247294758729153
定	0.23877068557919612	0.9403940572910606
园	0.5862068965517241	0.3832757856308392
共	0.323943661971831	0.693743818651972
采	0.46268656716417916	0.48829142221345756
恭	0.33333333333333337	0.6833632306209468
维	0.5918367346938775	0.387373605815584
五	0.5625	0.4133537804899682
集	1	0.2340716616353513
倡	1	0.2340716616353513
瑰	1	0.2340716616353513
杰	1	0.2340716616353513
慷	1	0.2340716616353513
捷	1	0.2340716616353513
师	0.7391304347826086	0.31841433380615203
夜	0.7391304347826086	0.31841433380615203
方	0.6	0.3934693402873666
懂	0.6	0.3934693402873666
拥	0.6	0.3934693402873666
静	0.6	0.3934693402873666
请	0.6	0.3934693402873666
浩	0.6	0.3934693402873666
增	0.6	0.3934693402873666
比	0.6850393700787402	0.3451396900433503
客	0.43965517241379315	0.538527739144044
显	0.3333333333333333	0.7274682069659875
漂	0.6923076923076924	0.3516556589984903
引	0.3067226890756302	0.7953935020467575
承	0.4666666666666667	0.5276334472589853
取	0.30612244897959184	0.8047224371643142
慧	1	0.2467313435453432
仅	1	0.2467313435453432
广	1	0.2467313435453432
满	0.2504127682993947	0.9976578047928634
廉	0.5384615384615384	0.47795422323898396
春	1	0.2591817793182821
励	1	0.2591817793182821
祈	1	0.2591817793182821
挚	1	0.2591817793182821
秉	1	0.2591817793182821
审	1	0.2591817793182821
毅	1	0.2591817793182821
纾	1	0.2591817793182821
统	1	0.2591817793182821
圆	1	0.2591817793182821
旋	1	0.2591817793182821
盈	1	0.2591817793182821
聘	1	0.2591817793182821
于	0.28671328671328666	0.9077574108156402
值	0.29235382308845587	0.8917523188237223
洋	0.4552529182879378	0.5754250238931116
愉	0.4379562043795622	0.5988152896167687
神	0.26325411334552085	0.9993199425875832
久	0.4444444444444444	0.5934303402594009
有	0.26395682239838103	0.9999981036044558
魅	1	0.2641041413517583
誉	0.6000000000000001	0.4419648542299529
度	0.32421875000000006	0.818530315480142
诗	0.7142857142857143	0.3729109147269438
寻	0.44404332129963897	0.6028071441823737
接	0.5207373271889401	0.5148675503828366
关	0.32216014897579137	0.8330398303329594
扶	0.6363636363636364	0.42305018961951335
透	0.487603305785124	0.5536565993742871
守	0.48000000000000004	0.5654017914929217
催	1	0.271426427488607
仪	1	0.271426427488607
近	1	0.271426427488607
学	0.36585365853658536	0.7450446039734899
如	0.3137254901960785	0.8699712891215741
专	0.3284132841328413	0.8357994392072515
注	0.4565217391304348	0.6014809589154858
伦	0.7727272727272726	0.3559635789168587
倾	0.5	0.5506710358827784
庄	0.7241379310344828	0.3832757856308393
高	0.3956043956043957	0.7027950566891843
洁	0.42857142857142855	0.6500622508888447
利	0.28884462151394436	0.9647985029223232
敏	0.38461538461538464	0.7274682069659875
召	1	0.28346868942621073
彤	1	0.28346868942621073
歌	0.5102040816326531	0.5580977904154747
豪	1	0.28822967723739035
恋	0.47368421052631576	0.6132589765454988
炫	0.47368421052631576	0.6132589765454988
理	0.30183727034120733	0.9778518210429626
童	1	0.29531191028128656
联	1	0.29531191028128656
悠	1	0.29531191028128656
尽	0.44954128440366975	0.6637835062932667
稳	0.44117647058823545	0.6780417284623241
力	0.3020207536865101	0.9977645960597029
珠	1	0.3069593799135585
纪	1	0.3069593799135585
练	1	0.3069593799135585
育	1	0.3069593799135585
养	0.5909090909090909	0.5196946989102007
荣	0.4915254237288136	0.6259378553979174
奇	0.31011826544021026	0.9937384863960822
持	0.4172839506172839	0.7407597393541085
热	0.31463229719484465	0.9876816673472948
畅	0.6756756756756757	0.4602594223763874
运	0.42500000000000004	0.7364028618842733
信	0.3166455634557323	0.9924714108533477
士	0.8	0.3934693402873666
勃	0.8	0.3934693402873666
柔	0.6	0.5276334472589853
聚	1	0.31841433380615203
量	0.6534653465346536	0.48999427780337823
容	0.34154535274356096	0.9490375741926773
厚	0.4482758620689656	0.7306933974209917
贺	1	0.3296799539643607
嬉	1	0.3296799539643607
绩	1	0.3296799539643607
艺	1	0.3296799539643607
宏	1	0.3296799539643607
凯	1	0.3296799539643607
俊	1	0.3296799539643607
朗	0.6923076923076923	0.47795422323898396
名	0.34001431639226914	0.9905019300736758
成	0.42268041237113413	0.8014405379262739
深	0.34905660377358494	0.9707926045615052
勤	1	0.34075936979955623
伟	1	0.34075936979955623
康	1	0.34075936979955623
参	1	0.34075936979955634
会	0.45893719806763295	0.7484214469402435
清	0.35570469798657717	0.9690897262545285
景	0.4864864864864865	0.708680108866529
识	0.7777777777777777	0.4511883639059736
拜	0.6224899598393574	0.5639507136784645
忠	0.43359375	0.818530315480142
建	0.5789473684210527	0.6132589765454988
并	0.6485355648535567	0.549170773621083
业	0.4814814814814814	0.7407597393541084
博	1	0.36237184837822667
赞	0.7849462365591396	0.4620555624053255
趣	0.5862068965517241	0.6196512434107415
聪	1	0.3729109147269438
仰	1	0.3729109147269438
进	0.5806451612903226	0.6441810814626581
享	0.7452830188679245	0.5067142541534744
德	0.45155393053016446	0.8385134357588309
时	0.5035799522673031	0.7525796746719824
活	0.5214105793450883	0.7337536666033018
希	1	0.3832757856308393
尊	0.4813278008298756	0.7994449821562903
志	0.6161616161616161	0.6284233089779543
杯	0.7083333333333333	0.5506710358827784
准	0.596273291925466	0.6581329408187211
溪	1	0.3934693402873666
卓	1	0.3934693402873666
帅	1	0.3934693402873666
机	0.44764795144157815	0.8888268815188158
直	0.5164835164835165	0.7805578570073733
救	0.48080438756855576	0.8385134357588309
熟	1	0.40349441030503164
嘉	1	0.40349441030503164
整	0.6727272727272727	0.6001503456551527
坦	0.7446808510638298	0.543119464859708
务	0.674698795180723	0.6023655735154125
好	0.40796963946869064	0.9991121135250475
吸	0.7641921397379912	0.5338898658177329
品	0.5280898876404494	0.7731198406609764
助	1	0.4133537804899682
润	1	0.4133537804899683
愿	0.5402298850574714	0.7654297119062023
金	0.85	0.486582880967408
赏	1	0.41725174762601036
上	0.5171026156941649	0.8092261657957978
刚	0.6842105263157895	0.6132589765454988
扬	0.6330275229357798	0.6637835062932667
望	0.43559488692232057	0.9662913231004276
佳	0.7551020408163265	0.5580977904154747
切	0.4693877551020408	0.8983954200561927
星	0.52	0.8111243971624382
创	0.49565217391304334	0.8529035326070231
照	1	0.42305018961951335
恩	0.5581395348837209	0.7614874461456975
梦	0.49579831932773105	0.8623902272803946
幸	0.47750362844702465	0.8994064025184795
爽	1	0.43258633120299617
奉	0.7647058823529411	0.5725850680512734
胜	0.8253275109170305	0.5338898658177329
礼	0.5327102803738318	0.8319230440504799
雅	0.6825396825396826	0.6500622508888445
敢	0.7692307692307692	0.5796496154913182
实	0.456973293768546	0.9888166960687383
温	0.7735849056603774	0.5865973962327706
恒	1	0.4602594223763874
盟	1	0.4602594223763874
护	1	0.46918054943798604
酬	1	0.46918054943798615
永	0.7818181818181819	0.6001503456551527
慕	0.7178683385579937	0.654697119753376
友	0.5517241379310346	0.855334823361005
华	0.610738255033557	0.7746273444605614
游	0.6000000000000001	0.7947103424200908
典	1	0.47795422323898396
晰	1	0.48142295313725825
真	0.5	0.9666267300396739
提	0.8760330578512396	0.5536565993742871
堂	1	0.4950689195281104
抚	1	0.4950689195281104
贵	0.7966101694915254	0.6259378553979174
壮	1	0.5034146962085906
献	1	0.5034146962085906
升	1	0.5034146962085906
仁	0.7428571428571429	0.6885967760854024
悦	0.8032786885245902	0.6382010711600374
灵	0.5858895705521473	0.8862023415296522
益	0.7037037037037037	0.7407597393541084
确	0.6134453781512605	0.8623902272803946
祥	0.6775599128540305	0.783464332683993
慰	0.7382198952879582	0.7201029251839565
宽	0.8153846153846154	0.6615345748932578
彩	0.7539267015706806	0.7201029251839566
快	0.5893536121673004	0.9279215377612339
善	0.5636363636363636	0.9744384667934927
先	1	0.5506710358827784
光	0.5600624024960998	0.9860647452001685
珍	1	0.5580977904154747
完	1	0.5754250238931116
盛	0.7058823529411765	0.8173164759472654
细	0.90625	0.6558462131345877
正	0.6342857142857143	0.9458862337771784
亮	0.8421052631578947	0.7182307109050416
智	0.65	0.9305165487771985
巧	0.76	0.8111243971624381
和	0.6487376509330407	0.952005394829245
崇	0.9122807017543859	0.6801809781836962
全	0.682904411764706	0.9108805592239831
丰	1	0.6259378553979174
秀	1	0.6259378553979174
吉	0.7916666666666666	0.7981034820053445
敬	0.6923076923076923	0.9257264217856661
慈	1	0.6441810814626581
保	1	0.6441810814626581
富	0.7516556291390728	0.8664572106916335
精	0.6796875000000001	0.9670687536002632
才	0.8148148148148148	0.8347011117784136
庆	1	0.685467121654512
欣	1	0.690665892858865
福	0.8742138364779874	0.7960743882657866
祝	1	0.7037840905280504
妙	0.9294117647058824	0.7574789253643512
爱	0.7107519788918205	0.9968965413480508
功	0.8823529411764705	0.8173164759472654
坚	1	0.7292790427601061
欢	0.7495429616087752	0.9739220895695828
乐	0.7906712172923778	0.946602961854803
兴	0.847560975609756	0.887709573102812
亲	0.8106060606060606	0.9286387304436139
勇	0.9387755102040817	0.8047224371643142
明	0.768334475668266	0.9922753080447259
优	0.8128654970760233	0.9421556791251615
新	1	0.7841849166013102
喜	0.8131760078662733	0.9662913231004276
奋	1	0.7974293707173928
丽	1	0.8173164759472654
美	0.8747390396659708	0.9916875426180769
宝	1	0.8963428713884722
圣	1	0.90139828920546
奖	1	0.9192717470664088
